"07849: Registrerte kjøretøy, etter region, år og drivstofftype"
"region";"Personbiler 2008 Bensin";"Personbiler 2008 Diesel";"Personbiler 2008 Parafin";"Personbiler 2008 Gass";"Personbiler 2008 El.";"Personbiler 2008 Annet drivstoff";"Personbiler 2009 Bensin";"Personbiler 2009 Diesel";"Personbiler 2009 Parafin";"Personbiler 2009 Gass";"Personbiler 2009 El.";"Personbiler 2009 Annet drivstoff";"Personbiler 2010 Bensin";"Personbiler 2010 Diesel";"Personbiler 2010 Parafin";"Personbiler 2010 Gass";"Personbiler 2010 El.";"Personbiler 2010 Annet drivstoff";"Personbiler 2011 Bensin";"Personbiler 2011 Diesel";"Personbiler 2011 Parafin";"Personbiler 2011 Gass";"Personbiler 2011 El.";"Personbiler 2011 Annet drivstoff";"Personbiler 2012 Bensin";"Personbiler 2012 Diesel";"Personbiler 2012 Parafin";"Personbiler 2012 Gass";"Personbiler 2012 El.";"Personbiler 2012 Annet drivstoff";"Personbiler 2013 Bensin";"Personbiler 2013 Diesel";"Personbiler 2013 Parafin";"Personbiler 2013 Gass";"Personbiler 2013 El.";"Personbiler 2013 Annet drivstoff";"Personbiler 2014 Bensin";"Personbiler 2014 Diesel";"Personbiler 2014 Parafin";"Personbiler 2014 Gass";"Personbiler 2014 El.";"Personbiler 2014 Annet drivstoff";"Personbiler 2015 Bensin";"Personbiler 2015 Diesel";"Personbiler 2015 Parafin";"Personbiler 2015 Gass";"Personbiler 2015 El.";"Personbiler 2015 Annet drivstoff";"Personbiler 2016 Bensin";"Personbiler 2016 Diesel";"Personbiler 2016 Parafin";"Personbiler 2016 Gass";"Personbiler 2016 El.";"Personbiler 2016 Annet drivstoff";"Personbiler 2017 Bensin";"Personbiler 2017 Diesel";"Personbiler 2017 Parafin";"Personbiler 2017 Gass";"Personbiler 2017 El.";"Personbiler 2017 Annet drivstoff";"Personbiler 2018 Bensin";"Personbiler 2018 Diesel";"Personbiler 2018 Parafin";"Personbiler 2018 Gass";"Personbiler 2018 El.";"Personbiler 2018 Annet drivstoff";"Personbiler 2019 Bensin";"Personbiler 2019 Diesel";"Personbiler 2019 Parafin";"Personbiler 2019 Gass";"Personbiler 2019 El.";"Personbiler 2019 Annet drivstoff";"Personbiler 2020 Bensin";"Personbiler 2020 Diesel";"Personbiler 2020 Parafin";"Personbiler 2020 Gass";"Personbiler 2020 El.";"Personbiler 2020 Annet drivstoff";"Personbiler 2021 Bensin";"Personbiler 2021 Diesel";"Personbiler 2021 Parafin";"Personbiler 2021 Gass";"Personbiler 2021 El.";"Personbiler 2021 Annet drivstoff";"Personbiler 2022 Bensin";"Personbiler 2022 Diesel";"Personbiler 2022 Parafin";"Personbiler 2022 Gass";"Personbiler 2022 El.";"Personbiler 2022 Annet drivstoff";"Personbiler 2023 Bensin";"Personbiler 2023 Diesel";"Personbiler 2023 Parafin";"Personbiler 2023 Gass";"Personbiler 2023 El.";"Personbiler 2023 Annet drivstoff";"Personbiler 2024 Bensin";"Personbiler 2024 Diesel";"Personbiler 2024 Parafin";"Personbiler 2024 Gass";"Personbiler 2024 El.";"Personbiler 2024 Annet drivstoff";"Personbiler 2025 Bensin";"Personbiler 2025 Diesel";"Personbiler 2025 Parafin";"Personbiler 2025 Gass";"Personbiler 2025 El.";"Personbiler 2025 Annet drivstoff"
"K-3101 Halden";10639;2649;1;0;0;0;10457;3220;1;0;0;0;10157;3923;1;0;0;0;9700;4668;1;0;5;0;9440;5257;1;0;11;2;9158;5731;1;0;29;10;8763;6262;1;0;82;4;8532;6778;1;1;162;3;7948;7197;1;1;244;410;7571;7632;1;0;361;669;7266;7838;1;0;512;824;7112;7952;1;0;757;1020;6821;7862;0;1;1070;1255;6359;7608;0;1;1693;1527;6035;7240;0;1;2342;1726;5710;6928;0;1;2759;2009;5416;6546;0;1;3409;2212;5138;6121;0;1;4885;2436
"K-3103 Moss";15202;3911;0;0;3;0;14777;4762;0;0;2;1;14185;5756;0;0;2;1;13592;6791;0;0;14;1;13246;7590;0;0;35;1;12944;8308;0;1;111;16;12578;8973;0;1;307;8;12367;9609;0;1;557;9;11472;9913;0;1;754;803;11079;10055;0;1;1071;1209;10516;9967;0;1;1467;1613;10323;9908;0;1;2057;2006;9706;9406;0;2;2810;2491;9210;8931;0;3;4031;3060;8705;8533;0;2;5363;3414;8176;8006;0;2;6227;3766;7652;7456;0;2;7244;4012;7247;6887;0;2;9922;4628
"K-3105 Sarpsborg";19927;4793;0;0;2;0;19376;5835;0;0;1;0;18459;7061;0;0;2;0;17532;8289;0;1;12;1;16844;9433;0;0;19;3;16350;10351;0;0;57;22;15736;11231;0;0;157;10;15299;12179;0;0;304;9;14209;12749;0;0;485;766;13608;13224;0;0;684;1153;12977;13408;0;0;1038;1486;12710;13508;0;0;1553;1902;12043;13309;0;0;2336;2481;11582;12893;0;0;3677;3001;11022;12352;0;0;5010;3436;10320;11716;0;0;6192;3836;9483;10772;0;0;7540;4078;8976;10059;0;0;10455;4346
"K-3107 Fredrikstad";26281;6325;0;1;7;1;25548;7638;0;2;8;2;24744;9206;0;2;6;4;23781;10831;0;2;20;3;23041;12241;0;2;36;9;22343;13446;0;1;114;47;21600;14596;0;1;315;25;21171;15694;0;1;650;25;19540;16239;0;1;1028;1439;18900;16574;0;7;1490;2150;17847;16503;0;7;2268;2725;17242;16214;1;7;3519;3324;15649;15497;2;7;5549;3897;14577;14691;2;7;7958;4493;13612;13796;2;7;10237;4976;12665;12956;1;7;11550;5392;11864;12190;1;7;13077;5867;11282;11398;1;6;16813;6268
"K-3110 Hvaler";1407;427;0;0;0;0;1361;525;0;0;0;0;1318;646;0;0;0;0;1273;733;0;0;0;0;1261;817;0;0;2;0;1256;917;0;0;7;2;1227;996;0;0;21;2;1198;1041;0;0;56;2;1080;1084;0;0;85;96;1018;1086;0;0;129;138;965;1094;0;0;185;174;961;1091;0;0;245;210;873;1044;0;0;336;267;841;957;0;0;492;322;772;911;0;0;633;355;715;837;0;0;734;392;650;769;0;0;843;404;638;662;0;0;1056;429
"K-3112 Råde";2568;858;0;0;0;0;2538;988;0;0;0;0;2412;1183;0;0;0;0;2296;1362;0;0;0;0;2231;1546;0;0;2;1;2137;1670;0;0;12;3;2098;1829;0;0;44;2;2020;1942;0;0;89;2;1889;2011;0;0;128;114;1799;2132;0;0;183;176;1748;2215;0;0;241;220;1663;2094;0;0;315;268;1529;2023;0;0;431;350;1452;1991;0;0;627;401;1370;1894;0;0;834;447;1318;1787;0;0;984;491;1228;1728;0;0;1129;518;1171;1641;0;0;1437;576
"K-3114 Våler (Østfold)";1623;602;0;0;0;0;1519;718;0;0;0;0;1504;825;0;0;0;0;1460;973;0;0;1;0;1473;1078;0;0;3;0;1449;1214;0;0;5;0;1404;1331;0;0;21;2;1362;1420;0;0;54;3;1340;1474;0;0;79;84;1311;1563;0;0;128;128;1250;1591;0;0;176;174;1271;1594;0;0;263;228;1197;1559;0;0;367;285;1148;1483;0;0;514;343;1055;1356;0;0;688;388;1007;1279;0;0;809;423;957;1236;0;0;952;467;921;1159;0;0;1183;482
"K-3116 Skiptvet";1253;398;0;0;0;0;1232;468;0;0;0;0;1208;539;0;0;0;0;1164;640;0;0;0;0;1132;729;0;0;2;0;1084;824;0;0;2;1;1066;903;0;0;7;0;1053;996;0;0;20;0;976;1036;0;0;38;51;913;1114;0;0;58;74;877;1163;0;0;85;88;861;1185;0;0;104;106;796;1175;0;0;145;144;766;1130;0;1;212;194;718;1086;0;1;277;227;692;1072;0;0;327;242;675;1018;0;0;409;269;656;957;0;0;542;277
"K-3118 Indre Østfold";15141;4614;0;0;3;0;14720;5449;0;0;3;0;14340;6392;1;0;4;1;13855;7363;1;0;12;1;13497;8266;1;0;33;2;13339;9080;1;0;71;16;12962;9851;0;0;195;7;12611;10617;0;0;414;7;11823;11065;0;0;584;674;11383;11380;0;0;904;1048;10855;11654;0;0;1280;1315;10656;11853;0;1;1745;1661;9927;11612;0;2;2350;2013;9581;11416;0;2;3269;2453;9161;10975;0;2;4199;2787;8798;10552;0;2;4821;3175;8459;9963;0;0;5505;3438;8197;9416;0;0;7130;3660
"K-3120 Rakkestad";2847;980;0;0;1;0;2752;1100;0;0;1;0;2668;1277;0;0;2;0;2549;1491;0;0;3;0;2439;1651;0;0;3;0;2373;1845;0;0;6;1;2320;2033;0;0;19;1;2271;2205;0;0;39;2;2162;2320;0;0;54;94;2095;2440;0;0;76;146;1981;2548;0;0;114;194;1950;2613;0;0;155;241;1875;2569;0;0;227;304;1776;2605;0;0;350;393;1687;2500;0;0;505;445;1638;2375;0;0;653;506;1599;2240;0;0;795;583;1490;2151;0;0;1100;625
"K-3122 Marker";1303;472;0;0;1;0;1243;547;0;0;1;0;1234;640;0;0;1;0;1243;702;0;0;0;0;1207;787;0;0;0;0;1230;865;0;0;3;0;1195;939;0;0;4;0;1166;1016;0;0;20;0;1102;1074;0;0;28;44;1050;1134;0;0;54;62;988;1182;0;0;93;71;954;1169;0;0;124;96;915;1142;0;0;168;114;878;1147;0;0;218;139;825;1092;0;0;315;161;807;1055;0;0;340;192;778;1008;0;0;381;215;753;937;0;0;493;253
"K-3124 Aremark";538;192;0;0;0;0;540;216;0;0;0;0;506;246;0;0;0;0;464;287;0;0;0;0;431;331;0;0;0;0;424;372;0;0;1;0;393;403;0;0;2;0;382;426;0;0;1;0;365;447;0;0;3;14;329;482;0;0;9;18;315;500;0;0;12;26;325;504;0;0;16;33;296;513;0;0;30;42;279;507;0;0;49;44;265;510;0;0;84;59;243;493;0;0;106;66;232;457;0;0;122;74;226;429;0;0;178;80
"K-3201 Bærum";44310;20802;0;1;214;31;42010;24860;0;1;169;31;40630;29838;0;3;243;31;38792;35077;0;5;405;31;38202;39021;0;5;632;25;39241;41203;0;12;1120;122;40789;42185;0;17;2251;43;41523;42138;0;18;4227;38;39536;39177;0;17;6733;4744;38739;34749;0;46;10950;10716;37555;31813;0;50;16198;16669;33965;29211;0;51;20249;21300;29881;26325;0;24;23707;25152;24372;21643;0;17;29957;28269;20477;18317;0;11;36286;25420;17458;15507;0;6;42898;20517;16806;14158;0;2;46010;15279;15703;12718;0;1;38369;11488
"K-3203 Asker";29840;11563;0;2;395;1;29132;13252;0;1;436;1;27881;13542;0;1;480;1;26398;14771;0;1;703;2;25467;16217;0;1;1102;6;24654;17575;0;2;1652;35;23825;18674;0;2;2399;13;23299;19409;0;3;3211;14;21457;19776;0;1;3993;1716;20381;19614;0;1;5059;2579;19219;19140;0;2;6209;3245;18474;18387;0;2;7771;3998;17045;17224;0;5;9269;4809;15896;16152;0;3;11657;5758;14780;14775;0;5;14415;6305;13533;13440;0;4;16109;6883;12452;12400;0;3;17781;7354;11751;11366;0;3;23235;8747
"K-3205 Lillestrøm";25896;7734;0;0;9;0;25241;9271;0;0;16;0;24351;11050;0;0;11;0;23422;12795;1;0;39;7;22667;14429;1;0;104;11;21866;15870;2;0;266;28;21001;17017;1;0;650;19;20437;17808;1;0;1247;18;19084;18114;1;0;1846;1340;18404;18148;1;1;2671;2018;17509;17654;1;2;3790;2552;16814;17270;0;3;5219;3152;15295;16083;0;4;6486;3864;14574;15244;0;3;8551;4711;13572;14274;0;3;10858;5305;12558;13393;0;3;12478;5860;11559;12307;0;1;14034;6254;10734;11271;0;1;17911;6679
"K-3207 Nordre Follo";18716;9779;1;0;30;1;17562;10932;1;0;29;2;16598;13146;0;0;30;1;15941;15426;0;0;71;1;15656;15461;0;0;182;4;15545;14306;0;0;391;31;15305;13171;0;0;737;8;15160;12676;0;0;1254;8;14197;12582;0;0;1627;1064;13878;12539;0;0;2308;1611;13350;12297;0;0;3075;1953;13087;11540;0;0;4097;2502;10264;9634;0;0;5297;2839;9680;8984;0;1;6984;3281;8891;8407;0;1;8636;3537;8131;7699;0;1;9611;3849;7603;7083;0;1;10683;4146;7066;6519;0;1;13554;4395
"K-3209 Ullensaker";10191;3530;0;0;1;0;10011;4225;0;0;1;0;9862;5021;0;0;1;0;9588;5854;0;0;6;0;9255;6641;0;0;18;1;8968;7208;0;0;80;9;8662;7935;0;0;210;5;8645;8362;1;0;443;5;8053;8759;0;0;629;556;7860;9129;0;0;993;882;7480;9282;0;0;1438;1166;7381;9205;1;0;1940;1446;6881;9030;1;0;2525;1872;6480;8769;0;0;3517;2299;6162;8257;0;0;4761;2685;5712;7579;0;0;5335;3042;5443;7113;0;0;6008;3130;5251;6690;0;0;8680;3626
"K-3212 Nesodden";4997;1365;0;0;5;1;4912;1652;0;0;5;1;4816;1914;0;0;4;1;4666;2274;0;0;12;1;4500;2592;0;0;24;1;4338;2867;0;0;44;2;4168;3093;0;0;120;3;4064;3264;0;0;240;3;3841;3368;0;0;313;226;3694;3425;0;0;460;367;3528;3365;0;0;551;478;3458;3304;0;0;732;612;3145;3182;0;0;1017;784;2943;3069;0;0;1386;959;2746;2867;0;1;1768;1072;2584;2675;0;0;2038;1177;2409;2473;0;0;2345;1272;2254;2275;0;0;3063;1374
"K-3214 Frogn";4932;1610;0;0;15;0;4830;1954;0;0;17;0;4613;2269;0;0;19;0;4392;2607;0;0;56;0;4321;2841;0;0;119;0;4216;3072;0;0;211;6;4007;3252;0;0;340;4;3989;3331;0;0;475;4;3742;3303;0;0;562;280;3589;3229;0;0;766;440;3361;3084;0;0;956;535;3277;2996;0;0;1228;638;2975;2844;0;0;1496;808;2828;2690;0;0;1922;920;2600;2534;0;0;2349;1002;2423;2325;0;0;2612;1074;2225;2147;0;0;2875;1159;2094;1951;0;0;3638;1309
"K-3216 Vestby";4932;1560;0;0;2;1;4808;1888;0;0;2;2;4770;2212;0;0;2;2;4567;2655;0;0;11;2;4441;2967;0;0;33;5;4354;3337;0;0;95;10;4266;3601;0;0;191;5;4246;3773;0;0;336;4;3897;3952;0;0;472;330;3819;3945;0;0;663;461;3629;3926;0;0;911;586;3575;3784;0;0;1214;694;3399;3635;0;0;1571;864;3235;3492;0;0;2078;1046;3006;3274;0;1;2659;1114;2820;3029;0;1;3004;1234;2643;2880;0;1;3354;1357;2464;2679;0;1;4187;1444
"K-3218 Ås";5228;1524;0;0;5;2;5192;1870;0;0;5;2;5002;2335;0;0;7;1;4886;2696;0;0;29;1;4710;3001;0;0;74;1;4582;3336;0;0;129;4;4484;3543;0;0;224;2;4484;3735;0;0;378;2;4244;3873;0;0;507;275;4058;3898;0;0;712;417;3918;3859;0;0;968;500;3726;3767;0;0;1245;626;3398;3574;0;0;1510;769;3268;3446;0;0;1933;915;3075;3243;0;0;2450;1038;2896;3016;0;0;2792;1153;2730;2847;0;0;3171;1294;2507;2676;0;0;3994;1406
"K-3220 Enebakk";3721;1122;0;0;3;0;3665;1306;0;0;3;0;3509;1559;0;0;2;0;3428;1795;0;0;6;0;3282;2011;0;0;17;0;3157;2228;0;0;41;4;3004;2466;0;0;102;3;2885;2613;0;0;190;3;2786;2631;0;0;249;152;2704;2588;0;0;399;228;2547;2568;0;0;498;319;2431;2537;0;0;652;409;2233;2469;0;0;768;496;2137;2383;0;0;966;614;2004;2294;0;0;1185;673;1870;2160;0;0;1369;749;1758;1984;0;0;1539;819;1629;1918;0;0;2005;881
"K-3222 Lørenskog";11289;3548;0;0;11;0;10781;4147;0;0;11;0;10262;4915;1;0;8;0;9758;5597;0;0;31;10;9538;6144;0;0;83;12;9136;6573;0;0;191;24;8831;6956;1;0;400;14;8822;7267;0;0;713;6;8229;7324;0;0;1038;676;7969;7263;0;0;1552;1068;7488;6977;0;0;2200;1343;7248;6698;0;0;2991;1627;6640;6358;0;0;3852;2048;6132;6026;0;0;5108;2453;5719;5632;0;0;6472;2933;5257;5069;1;1;7332;2978;4898;4678;0;1;8369;3042;4472;4355;0;0;10140;3208
"K-3224 Rælingen";5679;1506;0;0;1;0;5440;1791;0;1;2;0;5262;2139;0;1;3;0;5040;2506;0;1;7;0;4864;2821;0;1;21;0;4696;3127;0;1;52;2;4511;3379;0;1;125;0;4356;3544;0;1;258;1;4045;3684;0;1;365;256;3845;3584;0;0;573;419;3620;3482;0;0;812;506;3449;3382;0;0;1098;623;3164;3221;0;0;1365;797;2942;3006;0;0;1763;948;2749;2764;0;0;2227;1091;2553;2565;0;0;2553;1234;2362;2358;0;1;2925;1370;2187;2182;0;0;3783;1439
"K-3226 Aurskog-Høland";5600;2122;0;0;22;0;5521;2433;0;0;12;0;5481;2835;0;0;11;0;5200;3269;0;0;11;0;5080;3663;0;1;16;0;4845;4019;0;1;27;1;4727;4358;0;1;72;0;4602;4740;0;1;129;0;4351;5036;0;1;178;153;4225;5229;0;1;307;248;4064;5299;0;1;425;319;4089;5309;0;1;579;423;3749;5303;0;2;765;619;3659;5293;0;0;1068;788;3465;5113;0;0;1335;941;3256;4906;0;0;1549;1057;3129;4646;0;0;1860;1198;2973;4456;0;0;2509;1319
"K-3228 Nes";7281;2514;0;0;2;0;7117;2924;0;0;1;0;6978;3383;0;0;1;1;6914;3925;0;0;5;0;6805;4405;0;0;22;0;6560;4921;0;0;58;4;6296;5353;0;0;139;2;6121;5788;0;0;284;3;5760;6203;0;1;438;277;5575;6477;0;0;624;457;5280;6586;0;0;831;605;5265;6679;0;0;1082;804;5018;6704;0;0;1440;1059;4797;6555;0;0;1948;1294;4482;6209;0;0;2463;1534;4239;5939;0;1;2842;1705;4048;5583;0;1;3281;1865;3882;5182;0;0;4154;2032
"K-3230 Gjerdrum";1953;717;0;0;1;0;1932;867;0;0;1;0;1849;1052;0;0;1;0;1797;1222;0;0;3;0;1749;1379;0;0;13;0;1676;1517;0;0;25;2;1569;1588;0;0;72;1;1533;1636;0;0;128;2;1465;1693;0;0;177;109;1402;1679;0;0;269;181;1346;1672;0;0;398;225;1289;1640;0;0;519;261;1212;1549;0;0;686;347;1129;1453;0;0;882;412;1102;1367;0;0;1126;463;1020;1287;0;0;1260;534;955;1191;0;0;1378;604;905;1106;0;0;1699;618
"K-3232 Nittedal";7479;2215;0;0;15;0;7328;2682;0;0;16;0;7069;3214;0;0;18;0;6688;3869;1;0;27;0;6611;4336;0;0;64;3;6458;4607;0;0;152;11;6257;4778;0;0;293;5;5979;4906;0;0;511;4;5595;4953;0;0;730;400;5480;4870;0;0;1074;615;5291;4713;0;0;1504;778;4835;4525;0;0;1912;913;4449;4310;0;0;2295;1127;4131;4127;0;1;2906;1322;3739;3836;0;1;3586;1453;3426;3646;0;0;3995;1598;3117;3273;0;0;4455;1769;2932;2983;0;0;5498;1904
"K-3234 Lunner";3250;1005;0;0;1;1;3157;1180;0;0;1;1;3092;1363;0;0;1;1;2993;1583;0;0;2;1;2923;1782;0;0;7;1;2845;1952;0;0;23;3;2714;2151;0;0;55;2;2640;2276;0;0;106;2;2531;2423;0;0;152;141;2430;2482;0;0;261;197;2271;2498;0;0;398;245;2179;2463;0;0;503;315;1978;2395;0;0;660;393;1857;2328;0;0;851;469;1699;2199;0;0;1069;523;1583;2061;0;0;1167;587;1495;1935;0;0;1310;665;1427;1840;0;0;1624;704
"K-3236 Jevnaker";2379;832;0;0;0;0;2308;961;0;0;0;0;2192;1144;0;0;0;0;2066;1363;0;0;1;0;1977;1490;0;0;2;0;1930;1614;0;0;8;4;1875;1752;0;0;15;0;1786;1920;0;0;40;0;1694;1982;0;0;58;85;1613;2060;0;0;112;126;1539;2131;0;0;156;165;1476;2126;0;0;236;220;1367;2093;0;0;327;313;1292;2039;0;0;498;398;1221;1864;0;0;748;432;1133;1743;0;0;846;457;1063;1593;0;0;996;489;999;1468;0;0;1300;523
"K-3238 Nannestad";3941;1418;0;0;1;0;3838;1618;0;0;1;0;3729;1906;0;0;0;0;3652;2207;0;0;1;0;3494;2473;0;0;8;0;3354;2797;0;0;32;2;3240;3055;0;0;76;1;3148;3302;0;0;152;1;2966;3515;0;0;228;165;2892;3756;0;0;362;273;2784;3848;0;0;530;365;2820;3843;0;0;714;500;2660;3820;1;0;924;644;2563;3773;0;0;1241;792;2427;3667;0;0;1608;912;2286;3569;0;0;1904;1083;2186;3338;0;0;2235;1188;2097;3174;0;0;2840;1296
"K-3240 Eidsvoll";8046;2520;0;0;1;1;7887;2966;0;0;1;1;7784;3457;0;0;1;0;7534;4099;0;0;3;1;7320;4731;0;0;11;1;7053;5353;0;0;41;4;6756;5929;0;0;101;1;6626;6382;0;0;203;1;6261;6811;0;0;314;283;5900;7101;0;0;510;480;5547;7216;0;0;720;655;5320;7390;0;0;999;864;5118;7131;0;0;1289;1125;4917;6917;0;0;1832;1407;4694;6523;0;0;2335;1615;4444;6189;0;0;2730;1821;4175;5832;0;0;3100;2072;4011;5450;0;0;4101;2271
"K-3242 Hurdal";1008;360;0;0;0;0;979;410;0;0;0;0;942;475;0;0;0;0;904;543;0;0;0;0;866;622;0;0;0;0;839;678;0;0;1;1;807;759;0;0;7;0;808;840;0;0;24;0;773;884;0;0;29;27;742;919;0;0;42;45;697;917;0;0;69;66;662;962;0;0;93;82;589;930;0;0;120;102;593;936;0;0;162;132;549;915;0;0;218;154;519;886;0;0;247;168;496;857;0;0;269;196;466;798;0;0;383;211
"K-0301 Oslo - Oslove";155868;55764;2;0;313;17;149541;63637;2;1;368;19;146102;86501;0;1;448;20;141002;102020;0;6;767;23;138589;114115;0;6;1547;49;138246;120956;0;42;3393;199;138908;129011;0;56;6998;83;140129;127105;0;54;11699;96;129510;121287;0;40;16773;20704;122675;110468;0;31;24808;36076;115236;100061;1;12;36148;47493;107415;92175;1;20;49688;50500;96567;82182;2;26;67782;54738;85204;71492;1;31;89723;60502;74247;61888;1;19;111301;57291;65188;53140;0;13;119721;48954;57543;47382;0;13;132760;41252;52385;41311;0;11;120469;32633
"K-3301 Drammen";34049;10975;0;0;40;0;32965;13003;0;0;37;0;33640;15831;0;0;32;1;33834;18216;0;0;72;1;34376;19939;0;0;144;11;34790;20561;1;0;319;241;36174;21224;1;0;645;19;36429;21897;0;0;1073;19;25472;21596;0;0;1465;11832;23830;21133;0;1;2081;15291;22193;20435;0;1;2879;19894;21100;20180;0;1;3804;22788;19437;19416;0;2;5125;24899;18328;18397;0;2;7562;28081;17131;17304;0;1;10248;29795;15664;16048;0;1;14027;28781;14518;14592;0;1;19001;25515;13452;13149;0;0;16852;9566
"K-3303 Kongsberg";8724;3441;0;0;0;0;8493;3950;0;0;0;0;8132;4527;0;1;0;0;7877;5117;0;3;6;0;7667;5648;0;3;19;1;7403;6168;0;2;30;3;7161;6600;0;1;66;2;6995;6979;0;1;127;3;6690;7077;0;1;177;311;6403;7302;0;1;259;500;6034;7368;0;1;391;661;5999;7370;0;1;611;891;5532;7238;0;2;931;1163;5409;6999;0;1;1494;1476;5084;6642;0;0;2164;1681;4790;6228;0;0;2652;1998;4622;5863;0;0;3113;2272;4421;5420;0;0;4369;2610
"K-3305 Ringerike";10325;3779;0;0;0;0;10060;4358;0;0;0;0;9747;5698;0;0;6;0;9434;6397;0;0;15;0;9198;6910;0;0;28;1;8851;7470;0;0;69;13;8530;7881;0;0;137;3;8338;8175;0;0;221;4;7772;8467;0;0;336;531;7450;8634;0;0;480;741;6904;8699;0;1;714;938;6646;8717;0;0;969;1144;6321;8556;0;0;1353;1536;6003;8316;0;1;1913;1962;5578;7911;0;2;2756;2194;5200;7411;0;1;3179;2466;4886;6890;0;1;3758;2627;4727;6419;0;2;5000;3057
"K-3310 Hole";2142;888;0;1;1;0;2136;1022;0;0;1;0;2037;1222;0;0;1;0;1958;1364;0;0;5;0;1862;1513;0;0;12;1;1853;1647;0;0;28;2;1812;1808;0;0;57;0;1774;1883;0;0;133;0;1655;1928;0;0;190;116;1555;1981;0;0;288;176;1471;1902;0;0;388;232;1361;1859;0;0;500;307;1272;1770;0;0;628;374;1189;1659;0;0;798;430;1110;1539;0;0;1031;465;1025;1450;0;1;1186;511;965;1374;0;1;1346;559;933;1287;0;1;1703;602
"K-3312 Lier";8301;2816;0;0;36;0;8019;3368;0;0;33;0;7620;3956;0;0;41;0;7525;4519;0;0;62;1;7376;5090;0;0;131;4;7196;5632;0;0;248;7;6839;5993;0;0;415;4;6759;6295;0;0;614;6;6255;6393;0;0;804;482;5909;6310;0;0;1074;721;5661;6208;0;0;1418;878;5540;6169;0;2;1802;1092;4991;5932;0;1;2243;1431;4744;5667;0;0;2837;1747;4439;5323;0;1;3619;1942;4072;4979;0;1;4084;2162;3825;4466;0;1;4576;2268;3511;4178;0;1;6087;2483
"K-3314 Øvre Eiker";6229;2062;0;0;4;0;6096;2456;0;0;3;1;5967;2840;0;0;1;0;5907;3256;0;0;4;0;5770;3677;0;0;5;0;5563;4136;0;0;19;3;5378;4513;0;0;48;0;5272;4864;0;0;135;0;4915;5125;0;0;195;279;4722;5424;0;0;327;426;4539;5549;0;0;467;539;4523;5593;0;0;647;734;4107;5479;0;0;900;966;3986;5300;0;1;1303;1235;3849;5031;0;1;1732;1439;3548;4795;0;0;2086;1625;3369;4535;0;0;2438;1772;3197;4222;0;0;3209;1991
"K-3316 Modum";4807;1787;0;1;2;1;4661;2023;0;1;2;1;4511;2329;0;1;3;1;4381;2623;0;1;1;1;4341;2970;0;1;3;1;4197;3269;0;1;14;4;4154;3561;0;0;40;1;4018;3763;0;0;66;1;3737;3965;0;0;95;136;3570;4299;0;0;157;253;3375;4440;0;0;243;368;3246;4479;0;0;345;493;3029;4400;0;0;488;609;2943;4302;0;0;688;770;2768;4160;0;0;986;888;2605;4021;0;0;1225;1012;2440;3791;0;0;1468;1151;2399;3569;0;0;2004;1272
"K-3318 Krødsherad";714;412;0;0;0;0;695;448;0;0;0;0;652;490;0;0;0;0;623;549;0;0;1;0;616;604;0;0;2;0;590;670;0;0;4;0;571;722;0;0;12;0;556;767;0;0;19;0;521;769;0;0;25;28;476;821;0;0;39;40;470;829;0;0;40;52;465;836;0;0;53;68;435;812;0;0;65;88;425;784;0;0;99;122;395;788;0;0;138;131;372;688;0;0;173;159;353;653;0;0;222;162;333;620;0;0;286;171
"K-3320 Flå";315;177;0;0;0;0;309;199;0;0;0;0;289;215;0;0;0;0;308;244;0;0;0;0;299;277;0;0;0;0;287;291;0;0;0;0;277;306;0;0;3;0;252;312;0;0;5;0;256;345;0;0;5;10;260;347;0;0;7;18;235;356;0;0;9;22;242;354;0;0;17;25;223;337;0;0;31;35;206;343;0;0;41;43;198;309;0;0;63;56;179;285;0;0;86;60;159;282;0;0;93;66;153;274;0;0;133;67
"K-3322 Nesbyen";1084;539;0;0;0;0;1047;575;0;0;0;0;1030;641;0;0;0;0;999;712;0;0;0;0;980;798;0;0;0;0;954;840;0;0;1;0;906;913;0;0;2;0;869;1003;0;0;7;0;846;1059;0;0;13;27;819;1111;0;0;19;49;768;1101;0;0;30;69;720;1138;0;0;47;91;679;1137;0;0;76;127;668;1127;0;0;101;167;622;1047;0;0;173;189;564;1009;0;0;206;216;506;938;0;0;261;247;495;900;0;0;386;253
"K-3324 Gol";1479;737;0;0;0;0;1412;823;0;0;0;0;1390;922;0;0;0;0;1349;1028;0;0;2;0;1296;1152;0;0;2;0;1238;1226;0;0;3;0;1209;1283;0;0;6;0;1172;1361;0;0;7;0;1130;1437;0;0;18;52;1060;1485;0;0;28;82;984;1533;0;0;46;104;969;1538;0;0;71;146;930;1529;0;0;116;185;937;1532;0;0;168;231;917;1457;0;0;259;271;862;1385;0;0;317;285;820;1314;0;0;380;326;788;1215;0;0;558;391
"K-3326 Hemsedal";598;367;0;0;0;0;582;410;0;0;0;0;567;483;0;0;0;0;559;541;0;0;0;0;544;579;0;0;0;0;522;640;0;0;0;0;518;699;0;0;4;0;513;743;0;0;13;0;499;799;0;0;19;21;490;817;0;0;28;31;459;821;0;0;42;50;469;875;0;0;78;61;449;850;0;0;102;75;436;822;0;0;168;108;386;789;0;0;226;119;373;740;0;0;273;142;378;685;0;0;312;143;352;639;0;0;418;159
"K-3328 Ål";1519;704;0;0;0;0;1472;791;0;0;0;0;1416;885;0;0;0;0;1361;1008;0;0;0;0;1295;1115;0;0;0;0;1234;1213;0;0;1;0;1200;1300;0;0;10;0;1199;1404;0;0;17;0;1089;1482;0;0;26;44;1077;1520;0;0;47;64;1034;1534;0;0;84;91;980;1534;0;0;122;119;911;1519;0;0;151;151;883;1530;0;0;223;209;809;1463;0;0;299;242;745;1386;0;0;373;289;712;1307;0;0;431;336;682;1267;0;0;596;378
"K-3330 Hol";1434;676;0;0;0;0;1423;746;0;0;0;0;1337;844;0;0;0;0;1295;931;0;0;2;0;1222;993;0;0;2;0;1184;1104;0;0;4;4;1122;1179;0;0;6;2;1107;1239;0;0;7;1;1061;1315;0;0;11;46;1045;1356;0;0;23;69;998;1369;0;0;31;81;1011;1365;0;0;52;111;959;1312;0;0;84;151;934;1304;0;0;142;204;868;1212;0;0;215;239;844;1125;0;0;273;278;789;1038;0;0;332;347;751;940;0;0;494;396
"K-3332 Sigdal";1220;691;0;0;0;0;1186;749;0;0;0;0;1175;819;0;0;1;0;1117;904;0;0;0;0;1075;988;0;0;0;0;1078;1081;0;0;3;0;1051;1151;0;0;4;0;991;1236;0;0;8;0;912;1286;0;0;10;35;883;1341;0;0;11;57;843;1395;0;0;16;70;820;1419;0;0;26;87;760;1441;0;0;37;109;754;1436;0;0;65;140;718;1371;0;0;128;157;687;1303;0;0;160;199;660;1226;0;0;204;223;642;1173;0;0;318;256
"K-3334 Flesberg";856;519;0;0;0;0;854;534;0;0;0;0;859;575;0;0;0;0;819;637;0;0;0;0;796;701;0;0;0;0;766;778;0;0;0;0;708;829;0;0;5;0;666;905;0;0;8;0;624;970;0;0;9;17;601;1034;0;0;18;25;577;1062;0;0;41;42;571;1069;0;0;63;56;539;1090;0;0;73;81;532;1103;0;0;105;104;502;1052;0;0;145;110;463;1018;0;0;178;131;459;975;0;0;204;154;472;937;0;0;274;175
"K-3336 Rollag";450;241;0;0;0;0;436;267;0;0;0;0;415;320;0;0;0;0;393;336;0;0;0;0;368;357;0;0;0;0;362;390;0;0;0;1;340;424;0;0;3;0;330;481;0;0;4;0;331;498;0;0;5;9;329;506;0;0;6;11;326;530;0;0;10;19;313;543;0;0;8;22;305;541;0;0;21;33;289;538;0;0;29;49;266;503;0;0;44;56;254;479;0;0;65;72;248;472;0;0;81;75;239;483;0;0;116;101
"K-3338 Nore og Uvdal";856;484;0;0;0;0;841;526;0;0;0;0;814;587;0;0;0;0;782;682;0;0;0;0;742;728;0;0;0;0;712;814;0;0;0;1;702;855;0;0;1;0;680;908;0;0;3;0;659;976;0;0;5;11;615;998;0;0;8;21;603;1015;0;0;13;24;597;1042;0;0;25;27;562;1064;0;0;32;36;562;1061;0;0;59;62;518;1030;0;0;91;74;485;1010;0;0;115;79;486;991;0;0;136;100;464;958;0;0;192;126
"K-3401 Kongsvinger";6427;2404;0;0;0;0;6245;2732;0;0;0;0;5938;3168;0;0;0;0;5738;3592;0;0;0;0;5521;3989;0;0;0;0;5357;4316;0;0;3;4;5074;4634;0;1;17;3;4899;4948;0;1;73;5;4672;5133;0;1;131;216;4474;5370;0;1;207;371;4280;5400;0;1;291;483;4236;5359;0;1;384;598;3861;5222;0;1;512;765;3730;5133;0;1;767;965;3502;4886;0;1;1046;1096;3337;4651;0;0;1221;1262;3145;4461;0;0;1441;1382;3013;4246;0;0;2092;1545
"K-3403 Hamar";10627;3749;0;0;2;0;10208;4458;0;0;5;0;9994;5162;0;0;5;0;9704;6022;0;0;16;1;9478;6795;0;0;30;1;9467;7331;0;0;51;15;9328;7700;0;1;93;1;9077;8003;0;1;207;1;8486;8336;0;1;358;503;8216;8445;0;1;549;814;7802;8406;0;1;827;1093;7438;8220;0;1;1265;1388;7234;8174;0;2;1841;1726;6745;7938;0;2;2596;2151;6209;7652;0;1;3484;2327;5823;7388;0;1;3992;2461;5579;6953;0;1;4528;2610;5297;6156;0;1;5560;2564
"K-3405 Lillehammer";8844;3112;0;0;0;0;8671;3622;0;0;0;0;8322;4206;0;0;0;0;8085;4728;0;0;1;0;7759;5277;0;1;5;1;7520;5763;0;1;17;2;7218;6310;0;1;49;3;6996;6772;0;1;120;3;6644;7164;0;2;186;249;6307;7418;0;2;274;380;5911;7508;0;2;396;523;5762;7635;0;2;595;669;5442;8121;0;2;887;875;5085;7841;0;2;1324;1063;4703;7588;0;1;1859;1213;4370;7056;0;1;2174;1367;4105;6732;0;2;2665;1479;3918;6310;0;2;3857;1589
"K-3407 Gjøvik";10680;3561;0;0;1;0;10355;4175;0;0;2;0;10012;4859;0;1;3;0;9687;5559;0;1;6;0;9361;6109;0;0;10;1;9082;6676;0;0;19;4;8690;7246;0;0;41;2;8334;7812;0;0;95;2;7848;8197;0;0;146;276;7446;8622;0;0;240;442;6984;8805;0;0;381;595;6665;8910;0;0;584;774;6209;8843;0;0;872;1014;5922;8676;0;0;1380;1289;5570;8408;0;0;1955;1449;5289;8158;0;0;2289;1678;5060;7726;0;0;2811;1872;4800;7392;0;0;4028;2048
"K-3411 Ringsaker";12538;4394;0;0;0;0;12199;5171;0;0;1;0;11871;5881;0;0;1;0;11567;6742;0;0;3;0;11258;7494;0;1;5;0;10895;8242;0;1;23;2;10373;9057;0;1;64;1;9997;9772;0;1;140;2;9284;10544;1;1;225;275;8828;11189;1;1;339;430;8342;11769;1;1;506;560;8104;12160;1;1;754;750;7377;12048;1;1;1200;1011;7044;12128;1;2;1735;1274;6621;11775;0;3;2465;1512;6236;11325;0;2;2848;1772;5938;10935;0;3;3383;1995;5784;10415;0;2;4809;2164
"K-3412 Løten";3002;956;0;0;0;1;2926;1110;0;0;0;1;2839;1284;0;0;0;1;2765;1482;0;0;1;1;2677;1637;0;0;1;0;2582;1833;1;0;3;1;2487;1974;0;0;10;0;2372;2182;0;0;31;0;2200;2365;0;0;40;65;2087;2520;0;0;70;110;1987;2583;0;0;113;154;1897;2623;0;0;168;217;1737;2575;0;0;256;271;1619;2566;0;0;357;345;1621;2549;0;0;738;679;1538;2465;0;1;730;895;1410;2397;0;1;818;911;1430;3313;0;0;4170;1656
"K-3413 Stange";7429;2513;0;0;0;0;7327;2886;0;0;0;0;7093;3312;0;0;0;0;6903;3737;0;0;1;0;6750;4197;0;0;1;0;6505;4664;0;0;20;3;6226;5073;0;0;49;0;6060;5517;0;0;118;0;5635;5877;0;0;185;228;5368;6187;0;1;287;374;5138;6415;0;1;411;493;4968;6505;0;1;607;646;4609;6466;0;0;928;803;4401;6345;0;0;1287;1012;4192;6043;0;0;1658;1148;3905;5821;0;0;1973;1320;3725;5587;0;0;2289;1471;3577;5316;0;0;3082;1583
"K-3414 Nord-Odal";2073;705;0;0;0;0;1993;800;0;0;0;0;1954;916;0;0;0;0;1904;1038;0;0;0;0;1821;1142;0;0;0;0;1727;1272;0;0;0;1;1680;1366;0;0;5;0;1605;1462;0;0;17;0;1560;1546;0;0;27;37;1499;1635;0;0;37;64;1426;1735;0;0;54;80;1382;1815;0;0;63;113;1290;1848;0;0;98;144;1247;1852;0;0;133;210;1176;1805;0;0;215;255;1103;1716;0;0;256;309;1082;1626;0;0;319;353;1049;1576;0;0;476;390
"K-3415 Sør-Odal";3011;1233;0;0;0;0;2905;1387;0;0;0;0;2875;1557;0;0;0;0;2757;1766;0;0;0;0;2662;1921;0;0;1;0;2625;2086;0;0;15;0;2483;2294;0;0;36;0;2411;2435;0;0;95;0;2272;2548;0;0;128;64;2163;2702;0;0;155;120;2050;2791;0;0;209;172;2010;2782;0;0;269;227;1852;2750;0;0;363;278;1797;2722;0;0;479;365;1710;2616;0;0;619;442;1665;2477;0;0;711;505;1577;2409;0;0;809;577;1555;2289;0;0;1065;628
"K-3416 Eidskog";2484;913;0;0;0;0;2400;1003;0;0;0;0;2305;1150;1;0;0;0;2219;1315;1;0;0;0;2191;1454;0;0;0;0;2082;1592;0;0;0;2;2031;1704;0;0;0;1;1922;1867;0;0;10;1;1838;1959;0;0;18;36;1807;2125;0;0;33;72;1743;2179;0;0;49;88;1706;2286;0;0;69;111;1623;2269;0;0;86;162;1600;2302;0;0;128;209;1444;2303;0;0;174;243;1367;2222;0;0;223;285;1324;2164;0;0;290;358;1308;2065;0;0;470;421
"K-3417 Grue";1977;833;0;0;0;0;1930;910;0;0;0;0;1857;1004;0;0;0;0;1772;1125;0;0;0;0;1714;1237;0;0;0;0;1625;1309;0;0;0;0;1546;1397;0;0;2;0;1515;1503;0;0;12;0;1455;1589;0;0;23;30;1437;1687;0;0;33;47;1367;1751;0;0;40;66;1320;1797;0;0;57;89;1237;1801;0;0;68;124;1210;1844;0;0;111;162;1170;1833;0;0;146;192;1151;1793;0;0;170;229;1095;1690;0;0;227;283;1078;1652;0;0;326;326
"K-3418 Åsnes";3105;1310;0;0;0;0;3018;1452;0;0;0;0;2893;1642;0;0;0;0;2784;1802;0;0;0;0;2750;1966;0;0;0;0;2627;2142;0;0;1;1;2552;2247;0;0;5;1;2452;2394;0;0;11;1;2338;2533;0;0;20;63;2276;2733;0;0;27;92;2144;2853;0;0;45;115;2070;2955;0;0;71;133;1948;2983;0;0;100;187;1947;3027;0;0;167;240;1818;2992;0;0;211;269;1803;2886;0;0;269;311;1739;2829;0;0;326;368;1689;2729;0;0;487;449
"K-3419 Våler (Innlandet)";1670;592;0;0;1;0;1573;670;0;0;2;0;1524;766;0;0;2;0;1471;823;0;0;2;0;1437;895;0;0;2;0;1380;984;0;0;2;0;1331;1094;0;0;4;0;1289;1154;0;0;11;1;1207;1249;0;0;11;23;1145;1315;0;0;15;36;1111;1400;0;0;16;50;1046;1491;0;0;25;64;1001;1498;0;0;37;74;965;1496;0;0;67;103;881;1480;0;0;111;122;849;1482;0;0;135;155;795;1378;0;0;182;186;805;1318;0;0;289;211
"K-3420 Elverum";7072;2600;0;0;0;0;6880;2962;0;0;0;0;6614;3404;0;0;0;0;6431;3816;0;0;0;0;6254;4262;0;0;1;0;6041;4773;0;0;4;2;5875;5201;0;0;33;0;5731;5549;0;0;95;0;5356;5816;0;0;157;199;5124;6020;0;0;238;346;4868;6138;0;0;354;444;4686;6196;0;0;512;580;4355;6094;0;0;738;759;4203;6085;0;0;1081;956;3988;5883;0;0;1405;1134;3812;5589;0;0;1691;1317;3655;5354;0;0;1995;1493;3582;5115;0;0;2672;1614
"K-3421 Trysil";2502;931;0;0;0;0;2431;1033;0;0;0;0;2346;1133;0;0;1;0;2286;1281;0;0;1;0;2177;1422;0;0;1;0;2047;1552;0;0;1;0;1967;1685;0;0;4;0;1844;1834;0;0;12;0;1731;2009;0;0;19;38;1659;2159;0;0;32;64;1547;2294;0;0;54;90;1504;2362;0;0;68;121;1386;2402;0;0;91;156;1339;2395;0;0;125;239;1293;2324;0;0;203;290;1183;2231;0;0;236;357;1132;2124;0;0;299;435;1097;2062;0;0;453;473
"K-3422 Åmot";1543;541;0;0;0;0;1506;626;0;0;0;0;1445;720;0;0;0;0;1422;825;0;0;0;0;1368;927;0;0;0;0;1323;1032;0;0;0;0;1281;1118;0;0;3;0;1240;1210;0;0;9;0;1175;1259;0;0;17;26;1132;1338;0;0;23;46;1055;1382;0;0;37;68;1023;1422;0;0;62;84;955;1460;0;0;86;109;881;1471;0;0;127;141;817;1411;0;0;177;164;777;1395;0;0;218;197;733;1366;0;0;256;233;725;1298;0;0;349;259
"K-3423 Stor-Elvdal";984;378;0;0;0;0;967;416;0;0;0;0;915;467;0;0;0;0;872;504;0;0;0;0;839;537;0;0;0;0;775;578;0;0;1;0;777;626;0;0;3;0;720;667;0;0;3;0;653;720;0;0;4;6;628;758;0;0;7;15;579;789;0;0;9;21;550;846;0;0;13;26;497;847;0;0;19;38;489;859;0;0;25;57;464;853;0;0;45;68;446;861;0;0;48;84;402;844;0;0;58;86;396;826;0;0;91;107
"K-3424 Rendalen";770;298;0;0;0;0;744;320;0;0;0;0;727;371;0;0;0;0;704;446;0;0;0;0;672;479;0;0;0;0;643;512;0;0;0;0;608;573;0;0;0;0;564;611;0;0;0;0;534;669;0;0;0;6;493;712;0;0;2;11;456;734;0;0;3;11;442;765;0;0;7;15;407;751;0;0;11;21;405;761;0;0;13;30;377;781;0;0;30;44;374;778;0;0;44;44;355;769;0;0;55;63;358;759;0;0;88;75
"K-3425 Engerdal";518;247;0;0;1;0;500;290;0;0;0;0;485;325;0;0;0;0;465;342;0;0;0;0;446;366;0;0;0;0;425;396;0;0;0;0;404;436;0;0;0;0;360;476;0;0;1;0;346;496;0;0;1;1;340;512;0;0;2;5;329;531;0;0;2;6;329;520;0;0;2;13;309;534;0;0;5;17;294;525;0;0;16;35;276;512;0;0;20;48;260;511;0;0;30;60;246;505;0;0;46;67;230;472;0;0;77;70
"K-3426 Tolga";524;261;0;0;0;0;505;289;0;0;0;0;492;321;0;0;0;0;475;353;0;0;0;0;471;371;0;0;0;0;469;397;0;0;0;0;443;444;0;0;0;0;416;479;0;0;1;0;404;523;0;0;1;5;385;543;0;0;5;10;360;548;0;0;10;17;341;579;0;0;14;20;307;580;0;0;22;22;299;576;0;0;35;37;302;551;0;0;53;49;288;526;0;0;66;56;288;517;0;0;81;68;273;497;0;0;125;75
"K-3427 Tynset";1780;897;0;0;1;0;1733;1033;0;0;0;0;1697;1113;0;0;0;0;1636;1208;0;0;0;0;1624;1284;0;0;0;0;1588;1356;0;0;1;0;1525;1489;0;0;4;0;1473;1638;0;0;5;0;1412;1747;0;0;6;24;1358;1857;0;0;11;41;1306;1916;0;0;23;65;1267;1999;0;0;33;92;1200;2033;0;0;54;107;1161;2070;0;0;96;146;1075;1999;0;0;180;187;1007;1932;0;0;243;239;970;1841;0;0;312;295;967;1798;0;0;476;335
"K-3428 Alvdal";722;473;0;0;0;0;706;494;0;0;0;0;678;563;0;0;0;0;663;601;0;0;0;0;655;650;0;0;1;0;629;720;0;0;1;0;594;761;0;0;2;0;556;819;0;0;3;0;517;869;0;0;6;15;484;920;0;0;13;30;448;964;0;0;18;31;439;1003;0;0;29;37;417;1009;0;0;41;46;419;999;0;0;63;56;386;979;0;0;111;81;389;964;0;0;136;101;376;912;0;0;167;122;378;887;0;0;223;148
"K-3429 Folldal";581;260;0;0;0;0;545;294;0;0;0;0;527;342;0;0;0;0;492;388;0;0;0;0;491;425;0;0;0;0;443;448;0;0;0;0;447;456;0;0;1;0;434;492;0;0;3;0;408;530;0;0;4;8;389;539;0;0;7;9;379;569;0;0;12;14;367;580;0;0;14;20;349;591;0;0;20;20;338;607;0;0;31;31;319;602;0;0;42;36;307;603;0;0;63;43;287;604;0;0;74;54;285;596;0;0;95;62
"K-3430 Os";740;292;0;0;0;0;723;343;0;0;0;0;723;381;0;0;0;0;711;428;0;0;0;0;675;480;0;0;1;1;653;527;0;0;2;1;636;573;0;0;2;1;609;604;0;0;3;0;595;648;0;0;4;10;581;682;0;0;4;12;551;731;0;0;6;16;517;740;0;0;9;22;479;752;0;0;18;34;464;754;0;0;26;52;436;731;0;0;45;64;418;720;0;0;59;75;405;714;0;0;88;94;406;670;0;0;106;126
"K-3431 Dovre";920;439;0;0;0;0;898;490;0;0;0;0;854;530;0;0;0;0;830;577;0;0;0;0;798;638;0;0;0;0;748;702;0;0;0;0;738;760;0;0;1;0;707;800;0;0;1;0;648;856;0;0;2;13;596;937;0;0;2;23;561;982;0;0;10;29;524;990;0;0;14;40;469;1008;0;0;27;57;445;1028;0;0;49;74;421;1000;0;0;76;87;396;972;0;0;98;94;362;932;0;0;126;115;352;900;0;0;194;135
"K-3432 Lesja";668;421;0;0;0;0;662;462;0;0;0;0;637;487;0;0;0;0;611;537;0;0;0;0;576;584;0;0;0;0;542;624;0;0;0;0;519;674;0;0;0;0;497;722;0;0;1;0;477;744;0;0;2;5;464;770;0;0;5;6;420;807;0;0;9;12;394;828;0;0;13;19;360;823;0;0;17;36;350;847;0;0;32;46;316;823;0;0;62;60;300;797;0;0;87;77;324;762;0;0;114;92;307;710;0;0;164;103
"K-3433 Skjåk";877;424;0;0;0;0;847;464;0;0;0;0;840;520;0;0;0;0;832;562;0;0;0;0;786;602;0;0;0;0;776;654;0;0;0;0;753;693;0;0;3;0;741;732;0;0;2;0;706;785;0;0;2;6;672;833;0;0;7;13;655;884;0;0;10;16;645;952;0;0;14;16;613;974;0;0;21;24;584;998;0;0;30;48;534;997;0;0;55;57;499;977;0;0;73;69;485;959;0;0;91;73;467;953;0;0;145;77
"K-3434 Lom";873;429;0;0;0;0;854;494;0;0;0;0;803;543;0;0;0;0;804;606;0;0;0;0;750;675;0;0;0;0;709;717;0;0;1;0;703;767;0;0;1;0;651;824;0;0;1;0;623;873;0;0;1;7;609;913;0;0;2;10;592;958;0;0;7;14;541;984;0;0;13;21;514;999;0;0;16;26;511;1015;0;0;29;40;477;1014;0;0;56;56;460;974;0;0;78;61;460;978;0;0;95;81;438;946;0;0;147;86
"K-3435 Vågå";1250;645;0;0;0;0;1228;698;0;0;0;0;1173;791;0;0;0;0;1138;890;0;0;0;0;1093;961;0;0;0;0;1063;1052;0;0;1;0;1002;1147;0;0;3;0;934;1259;0;0;3;0;872;1305;0;0;9;7;846;1381;0;0;16;11;802;1418;0;0;29;16;743;1506;0;0;40;23;700;1520;0;0;51;45;689;1556;0;0;72;59;620;1506;0;0;119;80;590;1432;0;0;166;97;542;1384;0;0;208;116;535;1337;0;0;326;122
"K-3436 Nord-Fron";2092;968;0;0;0;0;2020;1099;0;0;0;0;1972;1217;0;0;0;1;1950;1333;0;0;0;1;1890;1445;0;0;1;1;1814;1537;0;0;1;1;1734;1664;0;0;5;1;1676;1752;0;0;7;1;1548;1841;0;0;28;40;1465;1962;0;0;57;62;1380;2011;0;0;91;78;1346;2046;0;0;120;109;1274;2088;0;0;152;150;1203;2079;0;0;209;195;1122;2028;0;0;257;232;1067;1988;0;0;293;267;1013;1930;0;0;386;301;955;1866;0;0;544;325
"K-3437 Sel";2188;1079;0;0;0;0;2152;1165;0;0;0;0;2098;1248;0;0;0;0;1986;1379;0;0;0;0;1881;1489;0;0;0;0;1825;1620;0;0;0;0;1731;1755;0;0;3;0;1626;1854;0;0;8;0;1494;1986;0;0;23;30;1408;2120;0;0;39;44;1333;2176;0;0;52;54;1300;2204;0;0;65;71;1198;2226;0;0;90;91;1097;2230;0;0;126;126;1060;2181;0;0;207;154;1014;2110;0;0;253;175;992;2056;0;0;315;196;983;1979;0;0;464;220
"K-3438 Sør-Fron";1145;539;0;0;0;0;1101;608;0;0;0;0;1086;651;0;0;0;0;1041;724;0;0;0;0;991;798;0;0;2;0;976;883;0;0;5;0;931;948;0;0;7;0;855;1036;0;0;9;0;809;1102;0;0;12;13;769;1206;0;0;32;20;708;1228;0;0;48;28;671;1280;0;0;63;36;624;1288;0;0;81;59;612;1282;0;0;113;90;577;1271;0;0;157;104;549;1260;0;0;185;127;542;1218;0;0;223;154;518;1172;0;0;299;181
"K-3439 Ringebu";1709;683;0;0;0;0;1650;792;0;0;0;0;1640;892;0;0;0;0;1576;966;0;0;1;0;1540;1058;0;0;1;0;1438;1188;0;0;2;0;1364;1302;0;0;3;0;1280;1412;0;0;9;0;1213;1540;0;0;14;17;1144;1629;0;0;41;29;1054;1686;0;0;53;45;1005;1744;0;0;65;63;941;1778;0;0;97;91;874;1785;0;0;142;125;794;1767;0;0;205;139;732;1723;0;0;252;166;684;1674;0;0;307;195;655;1602;0;0;423;220
"K-3440 Øyer";1766;780;0;0;0;0;1745;902;0;0;0;0;1723;1024;0;0;0;0;1644;1143;0;0;0;0;1600;1256;0;0;0;0;1500;1364;0;0;0;1;1461;1466;0;0;8;0;1407;1623;0;0;15;0;1268;1707;0;0;29;48;1196;1850;0;0;47;61;1151;1894;0;0;65;76;1072;1897;0;0;100;103;987;1916;0;0;146;123;917;1887;0;0;218;154;835;1831;0;0;303;184;767;1801;0;0;375;201;701;1713;0;0;444;228;701;1656;0;0;611;250
"K-3441 Gausdal";2202;1084;1;0;0;0;2147;1165;1;0;0;0;2078;1341;1;0;0;0;2022;1504;1;0;0;0;1971;1616;0;0;0;1;1900;1766;0;0;1;1;1872;1894;0;0;8;1;1772;2042;0;0;13;1;1681;2191;0;0;23;26;1558;2363;0;0;44;45;1488;2403;0;0;64;59;1469;2484;0;0;81;81;1398;2502;0;0;103;117;1344;2532;0;0;152;153;1213;2502;0;0;242;166;1141;2486;0;0;300;201;1090;2422;0;0;377;242;1070;2343;0;0;563;265
"K-3442 Østre Toten";6001;2051;0;0;1;0;5896;2333;0;0;1;0;5779;2708;0;0;1;0;5575;3085;0;0;2;0;5401;3461;0;0;3;0;5222;3778;0;0;3;1;5052;4091;0;0;11;1;4860;4420;0;0;43;2;4591;4801;0;0;66;101;4331;5117;0;0;124;168;4114;5300;0;0;190;233;4002;5481;0;0;294;304;3728;5525;0;0;405;399;3582;5526;0;0;608;515;3374;5403;0;0;983;584;3186;5219;0;0;1100;697;3064;5015;0;0;1248;814;2997;4802;0;1;1789;957
"K-3443 Vestre Toten";5197;1605;0;0;0;0;5133;1843;0;0;0;0;4990;2143;0;0;0;0;4836;2469;0;0;1;0;4731;2742;0;0;0;1;4561;3027;0;0;3;2;4338;3298;0;0;6;2;4216;3548;0;0;21;2;4023;3841;0;0;37;97;3873;4164;0;0;67;146;3695;4395;0;0;110;207;3571;4557;0;0;169;262;3377;4627;0;0;274;356;3250;4639;0;0;460;494;2965;4535;0;0;713;607;2807;4367;0;0;860;737;2700;4162;0;0;1051;848;2573;3991;0;0;1553;930
"K-3446 Gran";5051;1739;0;0;0;0;4870;2033;0;1;0;0;4676;2284;0;1;0;0;4468;2624;0;1;0;0;4383;2909;0;1;3;0;4292;3190;0;1;10;2;4180;3390;0;1;34;2;4051;3695;0;1;81;2;3888;3887;0;1;122;109;3745;4171;0;1;235;189;3563;4266;0;0;351;246;3479;4314;0;0;493;308;3209;4196;0;0;661;409;3104;4077;0;0;913;496;2881;3941;0;0;1147;565;2712;3724;0;0;1296;667;2556;3545;0;0;1537;751;2459;3287;0;0;2086;797
"K-3447 Søndre Land";2368;679;0;0;0;0;2275;784;0;0;0;0;2227;923;0;0;0;0;2177;1031;0;0;0;0;2082;1156;0;0;1;0;1961;1294;0;0;4;0;1904;1441;0;0;7;0;1848;1536;0;0;13;0;1739;1661;0;0;20;37;1652;1769;0;0;38;72;1552;1870;0;0;47;89;1489;1949;0;0;70;113;1358;1994;0;0;87;147;1289;2033;0;0;137;203;1172;1977;0;0;214;227;1126;1919;0;0;255;259;1059;1893;0;0;322;289;1054;1808;0;0;462;320
"K-3448 Nordre Land";2712;879;0;0;0;0;2701;996;0;0;0;0;2639;1139;0;0;0;0;2566;1299;0;0;0;0;2445;1470;0;0;0;0;2371;1634;0;0;2;0;2271;1780;1;0;2;0;2180;1912;0;0;8;0;2074;2087;0;0;13;34;1907;2282;0;0;19;59;1768;2362;0;0;26;80;1702;2417;0;0;46;103;1582;2495;0;0;90;130;1534;2500;0;0;133;171;1408;2483;0;0;219;211;1299;2471;0;0;257;247;1253;2439;0;0;304;267;1216;2360;0;0;479;312
"K-3449 Sør-Aurdal";1077;497;0;0;0;0;1049;570;0;0;0;0;1029;636;0;0;0;0;987;710;0;0;0;0;1009;773;0;0;0;0;948;855;0;0;2;0;899;919;0;0;9;0;875;981;0;0;21;0;818;1020;0;0;21;26;816;1061;0;0;28;34;736;1075;0;0;41;44;691;1102;0;0;75;54;651;1075;0;0;96;71;611;1119;0;0;141;89;570;1079;0;0;187;103;549;1078;0;0;209;108;521;1041;0;0;232;130;509;992;0;0;302;152
"K-3450 Etnedal";555;179;0;0;0;0;528;221;0;0;0;0;494;244;0;0;0;0;477;281;0;0;0;0;471;291;0;0;0;0;447;319;0;0;0;0;424;359;0;0;0;1;394;387;0;0;0;1;379;411;0;0;1;13;385;463;0;0;3;22;363;455;0;0;5;24;342;491;0;0;13;30;319;497;0;0;16;31;302;497;0;0;26;41;311;469;0;0;42;46;298;457;0;0;59;51;289;441;0;0;72;60;275;430;0;0;104;69
"K-3451 Nord-Aurdal";2370;1011;0;0;1;1;2264;1147;0;0;2;1;2248;1278;0;0;2;1;2157;1412;0;0;2;1;2081;1549;0;0;2;2;2084;1664;0;0;4;2;2017;1830;0;0;5;1;1968;1992;0;0;13;1;1883;2086;0;0;20;71;1797;2221;0;0;42;99;1703;2269;0;0;71;122;1654;2348;0;0;103;159;1519;2374;0;0;153;195;1460;2355;0;0;226;247;1420;2325;0;0;344;275;1318;2213;0;0;419;307;1265;2123;0;0;496;346;1222;2075;0;0;687;381
"K-3452 Vestre Slidre";846;382;0;0;0;0;818;437;0;0;0;0;824;486;0;0;0;0;785;551;0;0;0;0;744;600;0;0;0;0;714;673;0;0;2;0;694;711;0;0;3;0;649;766;0;0;5;0;619;773;0;0;10;17;594;822;0;0;18;27;556;874;0;0;26;33;542;901;0;0;33;39;498;903;0;0;46;47;470;895;0;0;75;62;428;892;0;0;105;67;403;895;0;0;122;77;412;881;0;0;158;92;408;861;0;0;208;105
"K-3453 Øystre Slidre";1200;488;0;0;0;0;1172;563;0;0;0;0;1152;620;0;0;0;0;1139;683;0;0;0;0;1103;774;0;0;0;0;1048;860;0;0;1;0;1003;958;0;0;3;0;943;1020;0;0;6;0;906;1081;0;0;9;14;909;1170;0;0;12;27;872;1225;0;0;17;33;862;1265;0;0;31;53;835;1290;0;0;39;78;802;1286;0;0;66;103;746;1254;0;0;91;127;710;1226;0;0;113;155;681;1210;0;0;149;193;648;1187;0;0;231;230
"K-3454 Vang";537;280;0;0;0;0;538;286;0;0;0;0;532;315;0;0;0;0;524;334;0;0;0;0;506;367;0;0;0;0;473;417;0;0;2;0;462;438;0;0;3;0;435;485;0;0;8;0;405;554;0;0;9;4;417;571;0;0;6;18;392;593;0;0;13;23;369;625;0;0;17;26;344;623;0;0;22;30;313;642;0;0;37;40;294;630;0;0;62;49;277;654;0;0;78;58;275;630;0;0;90;68;272;614;0;0;133;72
"K-3901 Horten";9037;2347;0;0;6;0;8757;2804;0;0;5;0;8461;3287;0;0;6;1;8290;3775;0;0;12;1;8183;4168;0;0;25;2;7947;4549;0;0;58;8;7689;4898;0;0;151;3;7555;5164;0;0;289;3;7186;5575;0;0;407;592;6897;5737;0;14;542;802;6482;5762;0;72;696;976;6208;5706;0;74;952;1157;5616;5546;0;76;1277;1406;5345;5330;0;78;1802;1659;4981;4939;0;78;2354;1839;4603;4608;0;77;2791;2073;4250;4370;0;78;3256;2209;4025;4037;0;78;4314;2360
"K-3903 Holmestrand";7798;2419;0;0;2;0;7731;2803;0;0;1;0;7469;3302;0;0;1;0;7245;3830;0;0;2;0;7051;4349;0;0;20;0;6874;4878;0;0;60;5;6540;5370;0;0;119;1;6459;5760;0;0;244;1;6031;6135;0;0;354;326;5939;6535;0;0;542;505;5652;6685;0;0;749;646;5534;6711;0;0;1010;873;5218;6596;0;0;1298;1159;5098;6487;0;0;1899;1432;4747;6232;0;0;2508;1599;4492;5887;0;0;3020;1813;4228;5470;0;0;3503;2006;4070;5130;0;0;4601;2222
"K-3905 Tønsberg";17948;4736;0;1;6;0;17502;5612;0;0;6;0;16957;6614;0;0;11;0;16729;7653;0;0;30;0;16244;8580;0;0;57;1;15731;9385;0;0;143;19;15134;10122;0;0;406;5;14656;10692;0;0;770;8;13737;11248;0;0;1048;751;13564;12150;0;0;1331;1121;13352;12759;0;5;1801;1504;13042;12841;0;7;2489;1991;12262;12647;0;8;3550;2616;11616;12167;0;4;5058;3202;10987;11497;0;4;6695;3541;10285;10610;0;4;7598;3916;9641;9841;0;4;8889;4224;9066;9080;0;4;11646;4556
"K-3907 Sandefjord";22579;5452;0;0;3;0;22088;6433;0;0;2;0;21512;7692;0;0;2;0;20836;8976;0;0;12;0;20408;10095;0;0;24;2;19840;11305;0;0;107;14;18986;12437;0;0;338;5;18551;13443;0;0;673;4;17425;14275;0;0;967;930;16177;14123;0;0;1296;1402;15482;14260;0;1;1728;1849;15109;14426;0;1;2429;2366;14142;14014;0;2;3379;3025;13468;13622;0;2;4739;3747;12568;12829;0;3;6293;4270;11762;12234;0;1;7268;4809;10969;11551;0;1;8413;5254;10329;10745;0;1;11874;6321
"K-3909 Larvik";16545;4727;0;0;3;1;16169;5651;0;0;5;1;15519;6672;0;0;5;1;14872;7654;0;0;14;1;14285;8433;0;0;29;1;13792;9257;0;0;96;20;13205;10050;0;0;281;3;12694;10865;0;0;524;4;11759;11406;0;0;721;677;11311;11860;0;0;1029;1020;10658;11928;0;0;1394;1353;10258;11859;0;0;1905;1759;9696;11627;0;1;2657;2261;9278;11217;0;1;3584;2764;8709;10628;0;0;4726;3200;8209;9942;0;0;5432;3624;7782;9353;0;0;6230;3969;7318;8896;0;0;8260;4370
"K-3911 Færder";9620;2402;0;0;7;0;9430;2851;0;0;6;0;9169;3392;0;0;8;0;8794;3854;0;0;14;0;8508;4399;0;0;34;2;8234;4900;0;0;91;17;7855;5249;0;0;243;7;7544;5541;0;0;448;6;7087;5701;0;0;581;358;7065;5955;0;0;774;589;6448;5675;0;0;935;739;6177;5570;0;0;1225;915;5772;5468;0;0;1628;1198;5488;5312;0;0;2282;1458;5098;4891;0;0;2945;1637;4669;4560;0;0;3443;1844;4368;4225;0;1;3996;2028;4127;3819;0;0;5199;2151
"K-4001 Porsgrunn";12812;3495;0;0;5;2;12511;4252;0;0;4;2;12113;5032;0;1;3;1;11480;5819;0;1;8;1;11025;6516;0;0;11;1;10443;7197;0;0;48;11;9994;7805;0;0;154;3;9602;8264;0;0;341;3;8802;8455;0;0;660;556;8247;8579;0;0;960;808;7613;8565;0;0;1277;1058;7344;8452;0;0;1740;1339;6825;8188;0;0;2326;1644;6438;7784;0;0;3183;1875;5954;7271;0;0;4073;2100;5585;6839;0;1;4690;2371;5228;6394;0;1;5428;2542;4964;5861;0;0;7233;2825
"K-4003 Skien";18906;5488;0;0;6;0;18371;6612;0;0;6;0;17788;7763;0;0;7;0;17070;8908;0;0;14;0;16520;9910;1;0;21;1;15941;10930;0;0;67;7;15262;11851;0;0;180;6;14774;12590;0;0;413;6;13750;13038;0;0;830;563;12957;13254;0;0;1235;877;12202;13269;0;1;1675;1158;11681;13209;0;2;2253;1517;10834;12898;0;2;3087;1919;10371;12531;0;2;4327;2394;9695;11948;0;2;5684;2712;9115;11222;0;1;6568;3128;8462;10536;0;0;7483;3486;7926;9863;0;0;10178;3912
"K-4005 Notodden";3808;1979;0;0;0;0;3655;2217;0;0;0;0;3455;2511;0;0;1;0;3246;2740;0;0;1;0;3061;3040;0;0;2;0;2893;3349;0;0;5;1;2739;3528;0;0;29;0;2635;3736;0;0;42;0;2479;3855;0;0;57;118;2348;3928;0;0;89;206;2144;3953;0;0;148;274;2067;3944;0;0;223;377;2009;3995;0;0;391;516;1956;3836;0;0;607;640;1911;3624;0;0;849;750;1809;3482;0;0;1073;873;1747;3322;0;0;1251;1027;1780;3101;0;0;1862;1202
"K-4010 Siljan";927;327;0;0;0;0;895;404;0;0;0;0;845;466;0;0;0;0;796;529;0;0;0;0;748;575;0;0;1;0;725;630;0;0;2;0;692;666;0;0;5;0;689;719;0;0;13;0;639;737;0;0;28;14;616;750;0;0;44;26;572;749;0;0;53;46;531;762;0;0;60;60;484;771;0;0;96;73;458;744;0;0;146;81;438;712;0;0;190;106;418;661;0;0;231;130;390;634;0;0;275;153;375;616;0;0;374;153
"K-4012 Bamble";5208;1605;0;1;0;0;5005;1925;0;1;0;0;4741;2252;0;0;0;0;4530;2592;0;0;2;0;4385;2929;0;0;3;0;4208;3217;0;0;14;4;3957;3519;0;0;41;3;3733;3692;0;0;115;3;3423;3807;0;0;211;160;3195;3941;0;0;297;247;2985;3969;0;0;396;327;2872;3954;0;0;570;431;2632;3802;0;0;756;571;2529;3656;0;0;1058;707;2348;3538;0;0;1411;808;2180;3308;0;0;1646;913;2117;3113;0;0;1889;987;2001;2896;0;0;2519;1067
"K-4014 Kragerø";3326;1152;0;0;0;0;3210;1329;0;0;0;0;3048;1550;0;0;0;0;2955;1781;0;0;0;0;2818;1997;0;0;1;0;2636;2204;0;0;6;1;2515;2448;0;0;23;0;2382;2609;0;0;49;0;2275;2746;0;0;77;77;2155;2875;0;0;126;118;2048;2922;0;0;184;151;2005;2961;0;0;268;200;1832;2880;0;0;351;280;1755;2851;0;0;505;358;1634;2714;0;0;709;420;1534;2533;0;0;869;489;1433;2394;0;0;1045;554;1404;2201;0;0;1430;598
"K-4016 Drangedal";1526;494;0;0;0;0;1473;579;0;0;0;0;1450;671;0;0;0;0;1380;740;0;0;0;0;1375;792;0;0;0;0;1296;872;0;0;0;0;1237;989;0;0;0;0;1169;1097;0;0;4;0;1084;1185;0;0;15;19;1021;1236;0;0;29;33;980;1278;0;0;38;48;974;1308;0;0;56;70;916;1308;0;0;87;95;871;1321;0;0;136;135;837;1309;0;0;198;163;787;1255;0;0;240;196;765;1208;0;0;275;222;733;1145;0;1;373;262
"K-4018 Nome";2463;1004;0;0;1;0;2384;1130;0;0;1;0;2298;1270;0;0;2;0;2246;1399;0;0;1;0;2135;1531;0;0;1;0;2085;1661;0;0;1;0;1991;1760;0;0;7;0;1897;1892;0;0;18;0;1801;2001;0;0;41;53;1688;2143;0;0;72;94;1592;2162;0;0;98;119;1538;2151;0;0;140;150;1406;2132;1;0;207;196;1330;2131;1;0;307;248;1254;2105;1;0;411;292;1145;2053;0;1;491;336;1129;1944;0;1;596;385;1115;1862;0;1;793;451
"K-4020 Midt-Telemark";3276;1628;0;0;1;0;3161;1784;0;0;1;0;3052;2033;0;0;1;0;2944;2239;0;0;3;0;2852;2446;0;0;4;0;2729;2621;0;0;6;1;2604;2869;0;0;18;1;2568;3039;0;0;45;1;2400;3224;0;0;72;108;2325;3342;0;0;123;181;2192;3403;0;0;181;222;2151;3411;0;0;281;288;1917;3231;0;0;396;372;1844;3181;0;0;571;466;1708;3107;0;0;750;539;1636;3014;0;0;869;610;1597;2903;0;0;1058;678;1584;2759;0;0;1462;755
"K-4022 Seljord";985;487;1;0;0;0;965;538;1;0;0;0;914;604;1;0;0;0;890;645;1;0;0;0;852;740;1;0;0;1;806;802;1;0;2;1;788;843;1;0;9;0;713;888;1;0;14;0;667;889;1;0;19;48;638;893;1;0;25;73;564;894;1;0;37;90;554;885;1;0;50;120;526;913;1;0;58;150;510;893;1;0;88;178;467;874;0;0;145;201;436;839;0;0;170;232;407;788;0;0;225;265;416;725;0;0;359;314
"K-4024 Hjartdal";460;305;0;0;0;0;427;345;0;0;0;0;420;370;0;0;0;0;402;408;0;0;0;0;392;453;0;0;0;0;363;494;0;0;1;1;339;544;0;0;5;0;330;557;0;0;4;0;325;574;0;0;4;10;309;596;0;0;7;22;298;573;0;0;11;31;279;599;0;0;18;47;272;557;0;0;24;62;261;571;0;0;32;79;237;548;0;0;41;100;225;549;0;0;63;115;213;522;0;0;72;132;223;518;0;0;120;150
"K-4026 Tinn";1868;876;0;0;0;0;1758;992;0;0;0;0;1668;1115;0;0;1;0;1585;1237;0;0;1;0;1531;1338;0;0;2;0;1420;1435;0;0;5;1;1306;1552;0;0;5;0;1246;1678;0;0;11;1;1121;1748;0;0;17;54;1058;1817;0;0;26;78;992;1835;0;0;43;100;977;1796;0;0;55;144;886;1795;0;0;85;209;854;1705;0;1;125;272;810;1620;0;1;210;327;761;1503;0;1;287;401;747;1425;0;1;368;434;721;1316;0;1;591;480
"K-4028 Kviteseid";840;429;0;0;0;0;813;469;0;0;0;0;786;531;0;0;0;0;740;602;0;0;0;0;762;639;0;0;0;0;713;693;0;0;2;0;673;752;0;0;5;0;658;799;0;0;10;0;587;832;0;0;13;27;565;865;0;0;18;42;534;891;0;0;33;54;532;884;0;0;37;63;490;893;0;0;54;80;467;886;0;0;78;108;446;863;0;0;123;122;407;796;0;0;154;148;390;763;0;0;192;167;382;714;0;0;270;196
"K-4030 Nissedal";479;290;0;0;0;0;499;307;0;0;0;0;477;324;0;0;0;0;464;354;0;0;0;0;432;398;0;0;0;0;408;422;0;0;0;0;383;458;0;0;2;0;356;496;0;0;3;1;345;516;0;0;5;10;325;516;0;0;11;14;311;537;0;0;14;19;289;553;0;0;18;30;287;546;0;0;25;37;267;560;0;0;40;46;245;530;0;0;62;53;242;512;0;0;79;61;238;488;0;0;103;77;226;480;0;0;136;93
"K-4032 Fyresdal";474;224;0;0;0;0;462;249;0;0;0;0;434;279;0;0;0;0;421;298;0;0;0;0;417;319;0;0;0;0;387;326;0;0;2;0;384;350;0;0;2;0;366;378;0;0;6;0;352;399;0;0;8;4;344;426;0;0;10;9;329;437;0;0;9;14;313;444;0;0;15;18;294;444;0;0;23;24;291;438;0;0;25;38;265;442;0;0;38;54;267;428;0;0;49;78;249;419;0;0;65;83;253;417;0;0;93;89
"K-4034 Tokke";753;438;0;0;0;0;715;476;0;0;0;0;683;513;0;0;0;0;676;562;0;0;0;0;619;608;0;0;0;0;566;660;0;0;0;0;534;705;0;0;3;0;498;777;0;0;3;0;455;823;0;0;2;14;439;861;0;0;5;22;418;890;0;0;7;35;414;903;0;0;8;54;362;890;0;0;23;60;368;914;0;0;41;82;335;883;0;0;91;91;327;815;0;0;128;111;313;775;0;0;168;120;300;745;0;0;248;140
"K-4036 Vinje";1092;669;0;0;0;0;1060;738;0;0;0;0;1025;799;0;0;0;0;1011;906;0;0;0;0;941;1009;0;0;0;0;906;1105;0;0;1;0;847;1158;0;0;2;0;811;1234;0;0;7;1;770;1273;0;0;7;23;720;1338;0;0;12;39;656;1344;0;0;16;59;646;1355;0;0;33;75;599;1381;0;0;56;106;573;1387;0;0;91;145;549;1351;0;0;137;182;522;1296;0;0;188;215;503;1254;0;0;219;236;480;1203;0;0;356;290
"K-4201 Risør";2278;831;0;0;1;0;2196;944;0;0;2;0;2090;1090;0;0;2;0;2007;1228;0;0;3;0;1933;1364;0;0;4;1;1837;1506;0;0;4;2;1696;1666;0;0;16;2;1628;1800;0;0;46;1;1473;1921;0;0;64;71;1350;2006;0;0;89;105;1226;2078;0;0;131;135;1200;2102;0;0;194;168;1074;2050;0;0;253;201;1054;2034;0;0;338;235;1018;1925;0;0;459;295;956;1807;0;0;567;339;906;1675;0;0;660;397;838;1523;0;0;884;429
"K-4202 Grimstad";6612;2662;0;0;5;0;6503;3101;0;0;6;0;6371;3586;0;0;9;0;6143;4163;0;0;15;0;5863;4677;0;0;34;1;5565;5109;0;0;88;4;5331;5451;0;0;193;2;5180;5780;0;1;355;2;4814;6051;0;1;460;232;4551;6267;0;1;602;381;4354;6379;0;0;775;484;4277;6428;0;0;998;619;4038;6341;0;0;1304;807;3862;6214;0;0;1790;1021;3678;6030;0;0;2257;1186;3531;5831;0;0;2708;1420;3400;5515;0;0;3187;1630;3267;5172;0;0;4280;1826
"K-4203 Arendal";14635;4988;0;0;2;7;14192;5886;0;0;2;7;13594;7021;0;0;1;6;13050;8098;0;0;9;7;12641;9002;0;0;26;4;12244;9908;0;0;79;16;11761;10612;0;0;199;6;11372;11207;0;0;393;6;10629;11650;0;1;574;525;9918;12058;0;1;803;809;9231;12220;0;0;1003;1052;8942;12306;0;0;1372;1364;8242;11981;0;0;1796;1797;7911;11702;0;1;2590;2234;7405;11182;0;0;3499;2645;7029;10496;0;0;4194;3091;6751;9891;0;0;4924;3461;6389;9348;0;0;6708;3863
"K-4204 Kristiansand";28919;10458;0;0;36;1;28083;12335;0;0;47;1;26696;14534;0;0;59;1;25433;16770;0;0;99;1;24379;18521;1;0;195;1;23271;20120;1;0;518;17;22294;21344;1;0;1137;7;21519;22326;1;0;2139;7;19676;22806;0;0;2991;1266;18644;22905;0;0;4141;1919;17538;22484;0;0;5204;2417;17056;22065;0;0;6518;3030;16145;21154;0;0;8396;3889;15578;20396;0;0;11062;4985;14825;19466;0;0;13773;6236;13926;18178;0;1;15616;7215;12959;16776;0;0;17460;7840;12106;15276;0;0;23266;9654
"K-4205 Lindesnes";6792;2818;1;0;5;0;6615;3232;1;0;5;0;6362;3772;1;0;4;0;6053;4325;1;0;7;0;5808;4868;0;0;14;0;5478;5320;0;0;55;4;5208;5641;0;0;148;2;4867;6015;0;0;288;2;4574;6311;0;0;395;173;4317;6515;0;0;528;298;4096;6606;0;0;676;432;3939;6643;0;0;879;570;3758;6570;0;0;1138;724;3606;6440;0;0;1599;862;3451;6135;0;0;2074;1045;3312;5810;0;0;2375;1210;3184;5508;0;0;2755;1371;3039;5173;0;0;3564;1473
"K-4206 Farsund";3541;1195;0;0;1;0;3494;1364;0;0;1;0;3359;1588;0;0;0;0;3166;1811;0;0;0;0;3092;2010;0;0;1;0;3018;2240;0;0;7;4;2919;2438;0;0;21;0;2750;2593;0;0;43;0;2496;2732;0;0;62;198;2375;2841;0;0;119;294;2173;2937;0;0;181;379;2074;3026;0;0;249;452;1863;3020;0;0;314;548;1768;2960;0;0;446;671;1646;2861;0;0;594;741;1547;2670;0;0;731;836;1488;2563;0;0;890;939;1404;2410;0;0;1198;1056
"K-4207 Flekkefjord";2889;1031;0;0;0;0;2813;1184;0;0;0;0;2730;1368;0;0;0;0;2621;1575;0;0;1;0;2516;1760;0;0;2;0;2402;1960;0;0;7;0;2261;2161;0;0;26;0;2163;2273;0;0;41;1;1966;2372;0;0;59;141;1882;2443;0;0;78;199;1808;2479;0;0;113;248;1749;2513;0;0;161;314;1613;2480;0;0;223;427;1542;2404;0;0;347;522;1451;2334;0;0;482;628;1383;2183;0;0;602;725;1348;2100;0;0;741;813;1295;2007;0;0;1021;907
"K-4211 Gjerstad";867;385;0;0;0;0;845;437;0;0;0;0;815;484;0;0;0;0;779;562;0;0;0;0;735;612;0;0;0;0;707;676;0;0;1;0;677;718;0;0;6;0;648;759;0;0;8;0;594;810;0;0;17;22;550;877;0;0;29;26;527;902;0;0;41;35;504;909;0;0;49;45;434;935;0;0;66;60;434;938;0;0;92;77;402;920;0;0;125;91;401;896;0;0;166;112;398;839;0;0;192;135;389;806;0;0;269;140
"K-4212 Vegårshei";720;217;0;0;1;0;698;249;0;0;1;0;675;308;0;0;1;0;637;389;0;0;1;0;628;430;0;0;0;0;598;467;0;0;0;0;551;519;0;0;1;0;539;560;0;0;7;0;495;628;0;0;10;12;478;639;0;0;15;19;436;693;0;0;22;33;444;728;0;0;37;44;414;714;0;0;55;49;389;740;0;0;72;67;381;691;0;0;98;92;368;680;0;0;120;115;363;670;0;0;158;132;331;626;0;0;220;145
"K-4213 Tvedestrand";2159;644;0;0;2;0;2065;801;0;0;2;0;1970;959;0;0;2;0;1886;1074;0;0;2;0;1802;1208;0;0;1;0;1719;1325;0;0;3;2;1672;1465;0;0;17;0;1629;1548;0;0;30;0;1486;1637;0;0;46;53;1358;1744;0;0;80;74;1288;1811;0;0;123;101;1271;1839;0;0;174;119;1162;1803;0;0;218;163;1135;1805;0;0;307;226;1074;1755;0;0;454;262;1039;1728;0;0;520;311;989;1659;0;0;598;358;952;1573;0;0;784;443
"K-4214 Froland";1756;692;1;0;2;0;1739;839;1;0;2;0;1701;973;1;0;2;0;1688;1100;1;0;1;0;1606;1263;1;0;4;0;1559;1402;1;0;6;2;1462;1540;1;0;13;0;1406;1664;1;0;33;0;1299;1761;0;0;58;40;1270;1863;0;0;88;69;1188;1961;0;0;104;96;1190;2041;0;0;130;127;1114;2033;0;0;190;163;1080;2038;0;0;258;216;1050;2018;0;0;341;256;1036;1962;0;0;414;322;978;1834;0;0;480;400;970;1766;0;0;688;461
"K-4215 Lillesand";2957;1159;0;0;2;0;2870;1384;0;0;2;0;2769;1688;0;0;1;0;2622;2001;0;0;5;0;2494;2247;0;0;17;0;2320;2399;0;0;64;3;2215;2572;0;0;136;0;2166;2650;0;0;257;0;1971;2714;0;0;327;142;1915;2770;0;0;441;206;1815;2782;1;1;542;258;1790;2761;1;0;688;350;1622;2680;1;0;844;439;1567;2595;1;0;1079;545;1486;2406;1;0;1334;646;1377;2279;1;0;1508;736;1320;2138;1;0;1796;802;1245;1935;1;0;2302;854
"K-4216 Birkenes";1432;743;0;0;0;0;1371;813;0;0;0;0;1326;943;0;0;0;0;1251;1072;0;0;3;1;1250;1170;0;0;7;0;1203;1263;0;0;18;0;1127;1358;0;0;45;0;1091;1449;0;0;65;0;986;1530;0;0;90;46;944;1611;0;0;123;60;876;1649;0;0;161;76;849;1649;0;0;191;96;798;1645;0;1;234;129;788;1631;0;1;304;161;765;1593;0;0;385;193;699;1566;0;0;435;227;657;1445;0;0;531;264;660;1355;0;0;731;304
"K-4217 Åmli";714;276;0;0;0;0;673;308;0;0;0;0;636;352;0;0;0;0;617;387;0;0;0;0;592;445;0;0;0;0;556;486;0;0;0;0;554;524;0;0;1;0;522;556;0;0;1;0;494;581;0;0;3;10;481;617;0;0;6;16;424;653;0;0;8;22;383;660;0;0;12;30;357;668;0;0;20;40;344;649;0;0;36;52;313;634;0;0;65;60;294;619;0;0;79;79;283;611;0;0;96;86;284;589;0;0;146;101
"K-4218 Iveland";482;167;0;0;0;0;476;200;0;0;0;0;472;232;0;0;0;0;448;266;0;0;0;0;427;285;0;0;1;0;412;329;0;0;3;0;376;353;0;0;9;0;348;385;0;0;18;0;336;403;0;0;20;11;320;424;0;0;30;14;297;454;0;0;41;18;293;461;0;0;50;19;265;458;0;0;55;27;254;460;0;0;69;39;227;441;0;0;93;44;217;440;0;0;110;45;207;444;0;0;126;55;202;400;0;0;159;64
"K-4219 Evje og Hornnes";1119;477;0;0;0;0;1102;521;0;0;0;0;1077;592;0;0;0;0;1040;658;0;0;0;0;1018;747;0;0;0;0;957;823;0;0;0;1;900;897;0;0;6;0;883;969;0;0;15;0;820;1020;0;0;18;36;789;1086;0;0;25;62;727;1106;0;0;40;74;695;1166;0;0;65;99;654;1147;0;0;89;126;626;1148;0;0;130;164;586;1105;0;0;192;176;586;1056;0;0;235;198;581;1026;0;0;299;219;565;966;0;0;433;242
"K-4220 Bygland";478;170;0;0;0;0;445;187;0;0;0;0;440;215;0;0;0;0;430;248;0;0;0;0;402;271;0;0;0;0;371;311;0;0;0;0;363;333;0;0;1;0;340;367;0;1;3;0;302;399;0;1;3;4;289;417;0;1;10;13;277;426;0;0;14;14;252;444;0;0;22;26;224;442;0;0;29;34;210;435;0;0;35;50;192;442;0;0;53;63;194;433;0;0;65;73;193;419;0;0;82;72;189;403;0;0;104;78
"K-4221 Valle";460;187;0;0;0;0;422;223;0;0;0;0;404;254;0;0;0;0;386;286;0;0;0;0;382;309;0;0;0;0;378;341;0;0;0;0;357;358;0;0;1;0;324;382;0;0;2;0;309;404;0;0;3;4;296;407;0;0;4;12;266;429;0;0;8;18;268;448;0;0;11;15;247;463;0;0;14;22;253;438;0;0;20;31;248;416;0;0;39;41;240;406;0;0;55;51;218;399;0;0;71;61;211;383;0;0;118;77
"K-4222 Bykle";311;146;0;0;0;0;300;165;0;0;0;0;292;182;0;0;0;0;277;205;0;0;0;0;250;199;0;0;0;0;231;215;0;0;0;0;215;228;0;0;0;0;192;257;0;0;1;0;178;274;0;0;1;5;173;299;0;0;4;6;158;296;0;0;4;13;154;312;0;0;9;16;140;293;0;0;19;22;127;296;0;0;29;25;127;293;0;0;43;36;134;270;0;0;58;40;129;261;0;0;71;63;122;252;0;0;112;79
"K-4223 Vennesla";4538;1425;0;0;0;0;4462;1697;0;0;0;0;4285;2046;0;0;0;0;4180;2411;0;0;0;0;3991;2735;0;0;2;0;3821;2975;0;0;18;0;3599;3227;0;0;72;0;3470;3495;0;0;145;0;3210;3648;0;0;213;115;3006;3790;0;0;333;167;2761;3957;0;0;436;221;2692;4044;0;0;546;298;2577;4035;0;0;716;415;2539;3950;0;0;998;562;2329;3786;0;0;1211;695;2249;3551;0;0;1446;829;2140;3354;0;0;1749;916;2038;3064;0;0;2391;977
"K-4224 Åseral";266;173;0;0;0;0;265;180;0;0;0;0;244;206;0;0;0;0;249;233;0;0;0;0;232;269;0;0;0;0;223;286;0;0;1;0;222;296;0;0;2;0;213;319;0;0;2;0;211;345;0;0;5;3;199;371;0;0;6;5;174;370;0;0;9;7;171;383;0;0;11;11;160;377;0;0;18;13;157;377;0;0;25;15;144;355;0;0;40;21;138;333;0;0;59;26;122;317;0;0;66;36;117;294;0;0;95;38
"K-4225 Lyngdal";2987;1490;0;0;0;0;2919;1677;0;0;0;0;2810;1927;0;0;0;0;2678;2167;0;0;1;0;2600;2400;0;0;1;0;2513;2684;0;0;7;3;2458;2887;0;0;33;2;2346;3106;0;0;66;2;2253;3245;0;0;97;64;2091;3366;0;0;150;109;1931;3449;0;0;208;154;1877;3511;0;0;275;195;1781;3569;0;0;350;276;1703;3557;0;0;524;343;1631;3386;0;0;703;411;1587;3269;0;0;845;493;1487;3124;0;0;1017;555;1461;2988;0;0;1371;593
"K-4226 Hægebostad";558;288;0;0;0;0;546;332;0;0;0;0;533;356;0;0;0;0;518;409;0;0;0;0;504;461;0;0;0;0;474;529;0;0;1;0;453;551;0;0;0;0;430;597;0;0;1;0;405;627;0;0;2;3;376;670;0;0;4;6;349;675;0;0;7;11;347;682;0;0;14;15;338;691;0;0;25;22;334;717;0;0;38;39;312;686;0;0;65;45;300;655;0;0;91;58;283;640;0;0;118;68;280;618;0;0;180;75
"K-4227 Kvinesdal";1965;784;0;0;1;0;1956;909;0;0;1;0;1936;1012;0;0;0;0;1912;1166;0;0;1;0;1813;1337;0;0;1;0;1695;1477;0;0;2;0;1622;1584;0;0;8;0;1576;1722;0;0;24;1;1494;1844;0;0;36;55;1457;1937;0;0;46;73;1327;2024;0;0;61;94;1255;2064;0;0;86;117;1206;2083;0;0;123;161;1135;2110;0;0;190;220;1073;2041;0;0;274;262;1005;1995;0;0;326;300;951;1933;0;0;402;363;927;1826;0;0;571;435
"K-4228 Sirdal";565;325;0;0;0;0;547;363;0;0;0;0;526;401;0;0;0;0;508;441;0;0;0;0;499;484;0;0;0;0;506;537;0;0;0;0;488;565;0;0;7;0;465;598;0;0;11;0;448;624;0;0;19;16;429;665;0;0;22;24;407;670;0;0;30;35;406;669;0;0;39;46;379;662;0;0;51;57;360;671;0;0;74;74;347;649;0;0;119;77;327;613;0;0;139;91;338;570;0;0;176;108;323;545;0;0;262;128
"K-1101 Eigersund";4363;1660;0;0;0;1;4268;1929;0;0;0;1;4151;2254;0;0;0;1;4057;2635;0;0;3;1;3950;2913;0;0;6;1;3914;3201;0;0;5;12;3778;3362;0;0;31;1;3751;3579;0;0;67;1;3404;3687;0;0;84;308;3234;3770;0;0;119;445;3076;3731;0;0;199;598;2971;3691;0;0;287;722;2780;3571;0;0;393;847;2639;3373;0;0;633;1036;2462;3209;0;0;888;1181;2327;2962;0;0;1099;1291;2177;2762;0;0;1358;1435;2080;2558;0;0;2078;1667
"K-1103 Stavanger";42086;13545;0;5;51;6;40997;15735;1;5;50;4;39763;18453;1;5;51;8;38262;21290;1;5;128;9;37270;23681;0;5;272;17;36305;25363;0;7;619;72;34974;26598;0;17;1299;24;33952;27104;0;19;2175;18;31050;27150;0;20;2839;2325;29200;26579;0;30;3973;3335;27037;25210;0;30;6391;4008;25702;23958;0;26;8707;4705;23445;23085;0;20;10758;5905;21975;21873;0;16;14188;7365;20547;20483;0;15;17863;8607;18983;19103;0;12;20562;9426;17495;17748;0;6;23235;10130;16324;15718;0;7;27663;9903
"K-1106 Haugesund";11322;3333;0;0;7;0;10998;3900;0;0;6;0;10673;4635;0;0;7;0;10280;5591;0;0;11;0;9940;6256;0;0;31;2;9764;6770;0;0;83;7;9498;7112;0;0;212;5;9319;7348;0;0;419;6;8640;7652;0;0;570;404;8244;7770;0;0;837;647;7835;7789;0;0;1144;814;7554;7702;0;0;1508;1040;6911;7540;0;0;2005;1367;6658;7236;0;0;2778;1720;6318;6844;0;0;3619;2062;5919;6421;0;0;4171;2323;5549;5929;0;0;4931;2502;5217;5438;0;1;6504;2732
"K-1108 Sandnes";22347;7109;0;1;10;1;21999;8318;0;1;13;1;21462;9937;0;0;12;2;20994;11730;0;0;42;2;20797;13347;0;1;106;6;20512;14655;0;1;265;35;20075;15725;0;1;710;14;19576;16407;0;3;1294;13;18191;16751;0;5;1726;1027;17410;17038;0;7;2464;1494;16107;16774;0;6;4329;1779;15309;16337;0;5;5811;2138;14023;15883;0;6;6865;2736;13367;15340;0;7;8912;3378;12351;14497;0;5;10923;3945;11476;13486;0;7;12368;4520;10779;12559;0;6;14125;4891;10120;11659;0;5;17401;5382
"K-1111 Sokndal";1096;385;0;0;0;0;1067;452;0;0;0;0;1005;538;0;0;0;0;961;604;0;0;2;0;925;687;0;0;2;0;878;759;0;0;2;0;879;811;0;0;6;0;842;868;0;0;13;0;808;868;0;0;21;35;750;879;0;0;28;55;736;877;0;0;43;74;721;895;0;0;63;89;680;854;0;0;81;117;675;833;0;0;112;146;632;823;0;0;153;187;608;790;0;0;184;207;584;740;0;0;242;241;575;686;0;0;353;283
"K-1112 Lund";949;415;0;0;0;0;949;472;0;0;0;0;892;544;0;0;0;0;836;604;0;0;0;0;785;678;0;0;0;0;774;740;0;0;1;1;752;808;0;0;2;2;720;879;0;0;8;2;650;925;0;0;9;40;621;961;0;0;14;57;564;978;0;0;18;71;547;981;0;0;36;90;498;971;0;0;52;120;504;966;0;0;81;161;472;918;0;0;153;184;446;885;0;0;193;212;435;854;0;0;257;240;440;789;0;0;332;262
"K-1114 Bjerkreim";799;425;0;0;0;0;790;470;0;0;0;0;777;524;0;0;0;0;777;608;0;0;0;0;751;678;0;0;2;0;687;755;0;0;5;1;659;803;0;0;15;0;639;822;0;0;26;0;566;867;0;0;33;26;570;886;0;0;43;51;550;870;0;0;62;65;552;903;0;1;75;81;532;880;0;1;94;100;528;851;0;1;142;125;475;841;0;0;195;139;447;794;0;0;238;167;429;776;0;0;300;190;437;737;0;0;392;224
"K-1119 Hå";4919;2269;0;0;0;0;4838;2610;0;0;0;0;4745;3013;0;0;1;0;4661;3524;0;0;3;0;4556;3917;0;0;14;0;4362;4367;0;0;27;3;4262;4738;0;0;72;3;4111;4945;0;0;121;3;3847;5211;0;0;176;169;3669;5349;0;0;258;245;3484;5467;0;1;382;331;3460;5600;0;1;525;411;3180;5555;0;2;676;538;3048;5490;0;2;961;715;2902;5279;0;2;1279;845;2749;5097;0;1;1592;952;2688;4862;0;1;1971;1070;2567;4559;0;1;2754;1214
"K-1120 Klepp";5872;1961;0;1;1;1;5810;2346;0;0;1;1;5808;2819;0;0;3;2;5677;3310;0;0;5;2;5647;3746;0;0;17;1;5457;4123;0;0;45;4;5303;4523;0;0;127;3;5187;4782;0;0;236;3;4877;4932;0;1;312;197;4735;5055;0;1;446;312;4490;5109;0;1;695;373;4452;5190;0;1;885;456;4199;5124;0;1;1112;609;3986;5117;0;1;1491;778;3809;4998;0;1;1923;901;3551;4765;0;0;2327;1095;3418;4537;0;0;2791;1244;3359;4279;0;0;3591;1421
"K-1121 Time";5498;1950;0;0;1;1;5401;2297;0;1;1;1;5283;2716;0;1;0;2;5157;3158;0;1;7;2;5075;3618;0;1;19;3;4914;3950;0;1;49;11;4776;4240;0;2;133;8;4556;4484;0;2;226;8;4290;4614;0;2;293;180;4107;4658;0;2;393;287;3917;4607;0;2;600;361;3803;4620;0;1;783;470;3644;4575;0;1;1015;638;3442;4445;0;1;1455;819;3311;4290;0;2;1855;941;3108;4128;0;2;2262;1090;2975;3819;0;2;2731;1265;2838;3544;0;1;3609;1345
"K-1122 Gjesdal";3252;1240;0;0;1;0;3258;1460;0;0;1;0;3266;1680;0;0;1;0;3176;1968;0;0;7;0;3088;2239;0;0;20;0;3038;2475;0;0;52;6;2981;2662;0;0;98;2;2830;2834;0;0;183;3;2649;2942;0;0;231;119;2502;3021;0;0;337;178;2340;3036;0;0;491;223;2320;3021;0;1;618;286;2161;2998;0;1;733;367;2090;2966;0;2;1008;468;1899;2794;0;2;1273;579;1788;2597;0;2;1473;707;1679;2437;0;0;1740;761;1624;2287;0;1;2171;857
"K-1124 Sola";7963;2633;0;0;2;0;7941;3087;0;0;3;0;7796;3781;0;0;4;0;7656;4410;0;0;22;0;7526;5014;0;0;51;0;7333;5544;0;0;135;9;7173;5834;0;0;350;0;6866;6054;0;1;623;1;6301;6097;0;1;799;368;6083;6010;0;2;1159;573;5677;5724;0;2;1895;697;5437;5611;0;1;2513;847;5081;5482;0;1;2873;1145;4844;5158;0;1;3502;1547;4506;4944;0;1;4260;1694;4181;4609;0;1;4828;1914;3971;4243;0;2;5526;2004;3737;3874;0;1;7004;2574
"K-1127 Randaberg";3207;1053;0;0;1;0;3127;1250;0;0;1;0;3023;1468;0;0;1;0;2964;1703;0;0;15;0;2901;1908;0;1;34;0;2799;2026;0;2;73;5;2728;2157;0;2;143;0;2639;2198;0;2;250;0;2420;2246;0;2;339;153;2282;2270;0;1;477;234;2106;2144;0;1;756;305;2048;2101;0;1;983;352;1924;2013;0;0;1164;440;1861;1964;0;0;1425;532;1688;1844;0;0;1686;606;1598;1701;0;0;1861;652;1470;1578;0;0;2081;752;1385;1498;0;0;2542;807
"K-1130 Strand";3301;1317;0;1;4;0;3310;1504;0;0;4;0;3211;1738;0;1;7;0;3131;2005;0;1;15;0;3019;2290;0;1;39;0;2942;2512;0;1;66;6;2885;2720;0;0;112;2;2786;2863;0;0;164;1;2557;3001;0;0;190;137;2456;3124;0;0;249;188;2330;3199;0;0;371;238;2296;3204;0;0;553;287;2093;3152;0;0;853;372;1973;3045;0;0;1260;450;1850;2834;0;0;1574;526;1740;2666;0;0;1857;585;1599;2524;0;0;2071;665;1511;2359;0;0;2510;737
"K-1133 Hjelmeland";793;354;0;0;0;0;766;417;0;0;0;0;769;473;0;0;0;0;760;536;0;0;0;0;704;585;0;0;2;0;684;633;0;0;4;0;654;680;0;0;7;0;631;711;0;0;14;1;551;737;0;0;19;46;500;770;0;0;25;55;480;783;0;0;37;66;456;793;0;0;63;81;408;746;0;0;97;109;394;723;0;0;139;118;366;666;0;0;230;154;322;620;0;0;270;172;325;569;0;0;318;176;293;533;0;0;408;194
"K-1134 Suldal";1136;526;0;0;0;0;1083;605;0;0;0;0;1031;705;0;0;0;0;963;769;0;0;0;0;942;857;0;0;1;0;884;935;0;0;2;2;857;991;0;0;3;1;831;1040;0;0;10;1;762;1110;0;0;14;35;729;1156;0;0;21;53;685;1201;0;0;38;63;666;1229;0;0;54;87;629;1218;0;0;83;109;610;1204;0;0;124;141;564;1176;0;0;194;160;542;1126;0;0;267;183;520;1100;0;0;335;200;508;1025;0;0;450;237
"K-1135 Sauda";1568;502;0;0;0;0;1515;574;0;0;0;0;1450;678;0;0;0;0;1381;790;0;0;0;0;1345;868;0;0;1;0;1267;943;0;0;1;0;1219;1025;0;0;1;0;1165;1061;0;0;3;0;1097;1130;0;0;7;27;1041;1179;0;0;11;50;974;1229;0;0;19;69;929;1254;0;0;34;106;856;1214;0;0;58;141;832;1201;0;0;104;181;754;1183;0;0;173;208;715;1085;0;0;230;253;685;1027;0;0;279;277;660;959;0;0;432;312
"K-1144 Kvitsøy";161;38;0;0;0;0;162;41;0;0;0;0;154;47;0;0;0;0;155;54;0;0;0;0;153;54;0;0;1;0;147;67;0;0;5;0;136;81;0;0;10;0;130;84;0;0;14;0;127;87;0;0;13;2;124;96;0;0;15;3;118;100;0;0;28;3;110;107;0;0;32;6;89;97;0;0;30;10;86;97;0;0;34;17;81;93;0;0;41;23;80;102;0;0;47;21;75;92;0;0;61;29;72;88;0;0;73;38
"K-1145 Bokn";258;94;0;0;0;0;258;111;0;0;0;0;260;132;0;0;0;0;247;149;0;0;0;0;238;158;0;0;0;0;240;173;0;0;3;0;235;181;0;0;12;0;215;195;0;0;25;0;196;207;0;0;31;5;183;229;0;0;33;9;160;242;0;0;40;14;148;256;0;0;51;15;143;261;0;0;60;22;139;251;0;0;72;24;130;244;0;0;90;35;124;222;0;0;101;49;121;228;0;0;128;48;113;224;0;0;160;52
"K-1146 Tysvær";3163;1398;0;0;1;0;3107;1618;0;0;0;0;3018;1898;0;0;0;0;3001;2145;0;0;3;0;2903;2382;0;0;12;0;2765;2629;0;0;36;0;2647;2824;0;0;98;0;2520;2955;0;0;183;2;2367;3019;0;0;243;102;2296;3136;0;0;349;157;2146;3160;0;0;455;219;2083;3169;0;0;583;286;1928;3172;0;0;713;364;1834;3110;0;0;961;431;1722;3015;0;0;1175;530;1637;2836;0;0;1417;630;1592;2653;0;0;1675;696;1534;2506;0;0;2046;762
"K-1149 Karmøy";14513;3864;0;0;6;0;14207;4617;0;0;5;0;13851;5521;0;0;5;0;13428;6421;0;0;13;0;12941;7320;0;0;36;1;12573;8131;0;0;91;12;12069;8748;0;0;274;6;11606;9309;0;0;541;6;10840;9725;0;0;825;431;10257;9997;0;1;1228;683;9676;10123;0;1;1700;877;9313;10148;0;2;2197;1103;8642;9877;0;2;2678;1464;8163;9672;0;2;3621;1820;7640;9235;0;2;4480;2145;7239;8673;0;2;5241;2450;6798;8119;0;2;6242;2729;6404;7565;0;2;7987;2896
"K-1151 Utsira";52;8;0;0;0;0;55;8;0;0;0;0;58;12;0;0;0;0;49;14;0;0;1;0;53;19;0;0;1;0;49;19;0;0;1;0;46;17;0;0;1;0;48;17;0;0;2;0;39;19;0;0;2;2;40;17;0;0;2;3;37;17;0;0;2;5;39;19;0;0;2;6;35;26;0;0;3;8;32;31;0;0;7;11;32;25;0;0;10;12;28;24;0;0;16;14;25;24;0;0;17;17;24;22;0;0;19;20
"K-1160 Vindafjord";2559;1424;0;0;1;0;2503;1562;0;0;1;0;2390;1748;0;0;2;0;2293;2004;0;0;2;0;2213;2238;0;0;2;0;2105;2446;0;0;6;2;2018;2575;0;0;30;2;1931;2723;0;0;62;2;1807;2858;0;0;79;57;1645;2986;0;0;118;97;1546;3095;0;0;171;126;1459;3181;0;0;257;166;1331;3121;0;0;351;224;1301;3089;0;0;517;276;1251;2946;0;0;737;320;1172;2853;0;0;863;386;1115;2717;0;0;1041;451;1066;2651;0;0;1434;497
"K-4601 Bergen";77834;33104;4;1;149;13;75238;37937;4;0;166;13;69853;33880;3;0;144;16;66604;38626;3;0;245;17;64599;42324;3;0;584;53;62539;45122;3;1;1502;300;60227;46731;3;3;3607;261;58457;47456;2;2;6723;247;52199;46450;2;1;9400;4939;49139;44683;1;1;12782;7039;45727;42057;1;1;17238;8398;43284;39849;1;1;21991;9787;39607;37508;1;1;27799;11442;36205;34716;1;1;35814;13058;32625;31344;1;1;43143;13688;29299;27948;0;2;47016;13892;26888;25325;0;1;51989;14392;24583;22740;0;1;60695;14220
"K-4602 Kinn";5201;1898;0;0;0;0;5004;2235;0;0;0;0;4826;2547;0;0;0;1;4659;2960;0;0;1;1;4460;3339;0;0;1;1;4303;3688;0;0;6;8;4108;3995;0;0;27;2;3998;4264;0;0;47;2;3641;4485;0;0;74;276;3336;4764;0;0;115;402;3125;4877;0;0;158;503;2985;4893;0;0;280;634;2798;4706;0;0;419;773;2670;4621;0;0;609;962;2438;4373;0;0;872;1119;2278;4127;0;0;1149;1239;2174;3907;0;0;1448;1312;2045;3720;0;0;2174;1512
"K-4611 Etne";1153;684;0;0;0;0;1133;752;0;0;0;0;1075;853;0;0;0;0;1011;955;0;0;0;0;991;1026;0;0;0;0;948;1096;0;0;2;2;941;1169;0;0;12;2;889;1218;0;0;24;2;844;1263;0;0;36;32;777;1286;0;0;57;61;729;1310;0;0;75;80;722;1342;0;0;107;96;672;1350;0;0;135;121;663;1317;0;0;207;146;607;1280;0;0;267;167;574;1238;0;0;321;204;561;1195;0;0;391;227;536;1133;0;0;521;270
"K-4612 Sveio";1581;709;0;0;2;0;1550;824;0;0;1;0;1492;966;0;0;2;0;1423;1107;0;0;3;0;1370;1225;0;0;5;0;1366;1333;0;0;17;1;1316;1439;0;0;46;1;1259;1524;0;0;102;1;1181;1631;0;0;139;45;1135;1693;0;0;195;69;1056;1723;0;0;253;103;1006;1752;0;0;302;135;932;1730;0;1;374;161;886;1697;0;1;490;210;828;1625;0;1;612;239;795;1537;0;1;711;276;757;1491;0;0;827;291;748;1400;0;0;1028;347
"K-4613 Bømlo";3537;1197;0;0;11;0;3482;1431;0;0;13;0;3336;1735;0;0;12;0;3219;2000;0;0;18;0;3159;2267;0;0;48;0;2970;2514;0;0;95;2;2799;2706;0;0;165;4;2666;2868;0;0;291;3;2430;2932;0;0;397;120;2227;3032;0;0;507;195;2108;3022;0;0;665;267;2033;3016;0;0;803;308;1850;2946;0;0;987;402;1727;2880;0;0;1319;500;1583;2707;0;0;1681;543;1460;2562;0;0;1923;606;1413;2431;0;0;2153;678;1323;2254;0;0;2712;732
"K-4614 Stord";5124;1920;0;0;10;0;4938;2265;0;0;7;0;4745;2698;0;0;6;0;4516;3089;0;0;22;0;4294;3489;0;0;33;0;4161;3834;0;0;73;7;3989;4090;0;0;125;7;3921;4287;0;0;221;6;3687;4423;0;0;308;194;3539;4438;0;0;406;328;3401;4383;0;0;540;424;3313;4275;0;0;744;506;3035;4177;0;0;1006;644;2833;3980;0;0;1464;778;2601;3711;0;0;1998;895;2477;3486;0;0;2344;1009;2347;3223;0;0;2763;1095;2209;2974;0;0;3579;1190
"K-4615 Fitjar";950;344;0;0;1;0;905;422;0;0;1;0;890;494;0;0;1;0;863;546;0;0;5;0;838;637;0;0;7;0;832;694;0;0;14;0;825;747;0;0;23;1;787;808;0;0;34;1;743;830;0;0;40;36;698;881;0;0;63;55;657;864;0;0;86;74;634;871;0;0;112;98;580;841;0;0;152;121;515;799;0;0;241;149;477;791;0;0;335;177;440;756;0;0;381;200;406;731;0;0;468;211;390;692;0;0;605;217
"K-4616 Tysnes";936;291;0;0;1;0;899;346;0;0;0;0;875;404;0;0;0;0;830;475;0;0;1;0;786;531;0;0;4;0;777;583;0;0;9;1;762;635;0;0;19;1;725;711;0;0;36;1;677;737;0;0;41;27;662;751;0;0;49;48;624;796;0;0;64;69;595;790;0;0;93;81;580;793;0;0;129;100;548;805;0;0;179;126;478;757;0;0;237;152;453;735;0;0;270;180;427;708;0;0;326;215;428;656;0;0;420;232
"K-4617 Kvinnherad";4179;1499;0;0;4;0;4050;1727;0;0;3;0;3949;2035;0;0;4;0;3841;2336;0;0;15;0;3659;2603;0;0;36;0;3541;2829;0;0;65;7;3382;3105;0;0;115;3;3257;3341;0;0;190;5;2982;3427;0;0;252;165;2842;3579;0;0;328;261;2668;3655;0;0;434;336;2564;3705;0;0;495;421;2438;3645;0;0;586;547;2312;3590;0;0;805;702;2159;3398;0;0;1046;829;2008;3232;0;0;1217;927;1925;3098;0;0;1470;1002;1865;2864;0;0;1937;1069
"K-4618 Ullensvang";3506;1651;0;0;0;1;3356;1858;0;0;0;1;3162;2160;0;0;0;1;2968;2468;0;0;2;1;2822;2686;0;0;3;1;2716;2883;0;0;12;3;2624;3010;0;0;51;1;2558;3195;0;0;73;1;2403;3254;0;0;91;117;2267;3302;0;0;110;203;2120;3323;0;1;144;257;2054;3308;0;0;200;302;1858;3232;0;0;263;397;1845;3196;0;0;377;506;1747;3067;0;0;557;604;1673;2906;0;0;720;710;1591;2745;0;0;874;824;1526;2544;0;0;1239;887
"K-4619 Eidfjord";264;155;0;0;0;0;244;180;0;0;0;0;245;197;0;0;0;0;232;226;0;0;0;0;223;241;0;0;0;0;208;246;0;0;7;0;203;257;0;0;14;0;188;256;0;0;22;0;182;266;0;0;30;7;171;264;0;0;38;13;150;267;0;0;54;13;142;273;0;0;62;18;139;253;0;0;62;27;138;259;0;0;77;32;139;244;0;0;105;46;133;228;0;0;110;69;127;215;0;0;130;75;127;208;0;0;144;76
"K-4620 Ulvik";295;138;0;0;0;0;294;151;0;0;0;0;287;182;0;0;0;0;275;204;0;0;0;0;285;221;0;0;0;0;254;234;0;0;5;0;245;267;0;0;12;0;225;284;0;0;22;0;201;288;0;0;27;9;185;293;0;0;31;16;177;292;0;0;34;15;172;302;0;0;40;18;162;288;0;0;48;27;156;289;0;0;65;34;144;296;0;0;68;39;132;285;0;0;77;50;128;278;0;0;80;57;124;258;0;0;114;62
"K-4621 Voss";4582;1986;0;0;2;0;4449;2243;0;0;3;0;4354;2543;0;0;5;0;4191;2843;0;0;11;0;3989;3183;0;0;14;0;3875;3485;0;0;32;4;3737;3745;0;0;79;2;3577;3992;0;0;122;1;3404;4284;0;0;164;92;3216;4473;0;0;215;165;3038;4555;0;0;299;223;2941;4634;0;0;392;303;2757;4620;0;0;518;399;2638;4564;0;0;746;544;2473;4423;0;0;999;677;2308;4174;0;0;1275;805;2252;3972;0;0;1482;870;2155;3723;0;0;2021;969
"K-4622 Kvam";2617;1180;0;0;0;2;2513;1360;0;0;0;2;2427;1527;0;0;1;2;2356;1702;0;0;2;2;2276;1858;0;0;4;2;2183;2027;0;0;13;4;2111;2144;0;0;35;2;1994;2288;0;0;68;2;1849;2365;0;0;74;92;1799;2440;0;0;111;148;1691;2457;0;0;154;199;1636;2445;0;0;235;263;1554;2427;0;0;316;325;1527;2358;0;0;449;392;1405;2204;0;0;630;470;1309;2064;0;0;738;550;1262;1929;0;0;869;601;1205;1799;0;0;1192;642
"K-4623 Samnanger";858;304;0;0;0;0;852;348;0;0;0;0;814;430;0;0;0;0;778;495;0;0;0;0;730;571;0;0;0;0;689;633;0;0;5;1;677;671;0;0;19;0;645;698;0;0;43;1;604;706;0;0;59;26;589;714;0;0;90;46;550;722;0;0;128;52;531;717;0;0;171;60;507;720;0;0;202;75;505;694;0;0;233;94;433;638;0;0;294;107;398;592;0;0;323;129;367;556;0;0;362;146;360;522;0;0;442;158
"K-4624 Bjørnafjorden";6770;2431;1;0;6;1;6569;2886;1;0;4;1;6530;3427;1;0;6;1;6398;3975;1;0;15;1;6224;4476;1;0;48;4;6105;4872;0;0;141;18;5866;5303;0;0;285;15;5786;5674;0;0;488;14;5338;5886;0;0;682;407;5093;5966;0;0;979;582;4801;5851;0;0;1334;746;4640;5716;0;0;1794;917;4279;5426;0;0;2283;1094;3977;5201;0;0;3018;1281;3601;4766;0;0;3919;1372;3272;4340;0;0;4581;1410;3038;4067;0;0;5149;1473;2825;3850;0;0;6257;1536
"K-4625 Austevoll";1310;413;1;0;5;0;1269;526;1;0;5;0;1246;634;1;0;7;0;1203;776;1;0;7;0;1187;861;1;0;18;0;1130;934;1;0;46;4;1081;976;1;0;98;4;1063;1017;0;0;148;4;989;1056;0;0;172;73;954;1055;0;0;225;115;882;1056;0;0;287;132;839;988;0;0;407;156;741;912;0;0;539;191;724;850;0;0;700;208;647;777;0;0;872;229;604;739;0;0;945;259;551;682;0;0;1088;285;530;623;0;0;1409;307
"K-4626 Øygarden";10219;3887;0;0;9;0;10040;4592;0;0;7;0;9894;5391;0;0;5;0;9629;6278;0;0;13;1;9541;7081;0;0;51;7;9290;7771;0;0;178;58;9173;8290;0;0;424;53;8971;8748;0;0;873;58;8098;8984;0;0;1316;763;7659;9013;0;0;1939;1071;7022;9026;0;1;2612;1312;6619;8802;0;1;3364;1616;6005;8498;0;1;4082;1872;5532;8056;0;1;5313;2142;5014;7445;0;0;6510;2359;4685;6775;1;0;7305;2553;4241;6214;1;0;8395;2642;4000;5684;1;0;10169;2728
"K-4627 Askøy";7397;2645;0;0;31;1;7352;3160;0;0;26;1;7281;3823;0;0;22;0;7084;4575;0;0;29;0;6960;5138;0;0;44;4;6825;5567;0;0;177;37;6455;5797;0;0;677;30;6060;5915;0;0;1408;27;5388;5841;0;0;1958;512;4963;5766;0;0;2624;697;4544;5526;0;0;3259;840;4361;5377;0;0;3766;973;3968;5117;0;0;4351;1124;3672;4747;0;0;5237;1238;3340;4339;0;0;6024;1301;3058;3985;0;0;6560;1384;2827;3637;0;0;7251;1439;2670;3366;0;0;8399;1483
"K-4628 Vaksdal";1197;502;0;0;0;0;1173;576;0;0;0;0;1114;684;0;0;0;0;1048;769;0;0;1;0;1065;838;0;0;5;0;997;904;0;0;10;0;949;967;0;0;25;1;952;1003;0;0;35;1;890;1039;0;0;39;31;862;1051;0;0;64;49;791;1064;0;0;95;64;784;1044;0;0;122;72;740;1033;0;0;153;96;702;997;0;0;212;124;662;948;0;0;269;154;610;906;0;0;315;181;583;835;0;0;384;197;547;775;0;0;509;242
"K-4629 Modalen";107;63;0;0;0;0;101;66;0;0;0;0;101;78;0;0;0;0;92;75;0;0;0;0;94;84;0;0;0;0;86;99;0;0;0;0;81;104;0;0;1;0;73;115;0;0;2;1;69;108;0;0;3;4;63;106;0;0;5;5;63;109;0;0;7;9;57;116;0;0;7;13;59;104;0;0;10;17;54;101;0;0;17;17;54;85;0;0;31;21;48;85;0;0;34;23;41;86;0;0;44;25;40;74;0;0;55;29
"K-4630 Osterøy";2209;961;0;0;10;0;2169;1130;0;0;9;0;2074;1304;0;0;9;0;2028;1505;0;0;13;0;2043;1652;0;0;28;1;1948;1801;0;0;61;3;1842;1994;0;0;111;2;1810;2130;0;0;139;2;1721;2259;0;0;169;70;1671;2352;1;0;211;128;1571;2375;1;0;298;178;1482;2365;1;0;426;227;1348;2305;1;0;524;289;1305;2212;1;0;722;350;1209;2100;0;0;883;406;1126;1946;0;0;1006;447;1110;1832;0;0;1098;513;1057;1734;0;0;1422;531
"K-4631 Alver";8185;3408;0;0;10;0;7988;4027;0;0;6;0;7787;4719;0;0;5;0;7512;5522;0;0;16;0;7222;6181;0;0;39;5;6996;6838;0;0;111;27;6833;7375;0;0;267;17;6564;7855;0;0;521;17;5952;8076;1;0;723;424;5501;8403;0;0;1034;644;5129;8368;0;0;1413;840;4901;8284;0;0;1959;1008;4523;7962;0;0;2468;1194;4207;7763;0;0;3255;1393;3914;7252;0;0;4125;1538;3604;6750;0;0;4586;1705;3371;6302;0;0;5173;1885;3233;5922;0;0;6260;1986
"K-4632 Austrheim";777;409;0;0;0;0;778;475;0;0;0;0;760;549;0;0;0;0;704;641;0;0;0;0;680;720;0;0;0;0;660;778;0;0;5;1;640;836;0;0;16;0;627;895;0;0;31;0;601;902;0;0;38;38;561;944;0;0;52;61;551;962;0;0;75;78;541;967;0;0;112;101;499;946;0;0;145;125;465;957;0;0;198;151;423;914;0;0;274;169;402;857;0;0;328;187;382;795;0;0;375;198;349;735;0;0;511;209
"K-4633 Fedje";159;33;0;0;1;0;164;44;0;0;0;0;161;56;0;0;0;0;145;68;0;0;0;0;138;80;0;0;0;0;129;88;0;0;0;0;128;90;0;0;1;0;122;99;0;0;4;0;113;109;0;0;2;5;96;110;0;0;2;9;88;117;0;0;4;13;87;118;0;0;10;19;72;105;0;0;14;24;75;99;0;0;21;23;68;90;0;0;30;25;69;83;0;0;36;27;64;82;0;0;44;27;59;85;0;0;57;29
"K-4634 Masfjorden";532;252;0;0;0;0;517;289;0;0;0;0;498;329;0;0;0;0;504;360;0;0;0;0;494;400;0;0;0;0;469;440;0;0;1;1;435;486;0;0;3;0;407;528;0;0;6;0;363;573;0;0;11;8;340;602;0;0;14;27;299;617;0;0;26;32;300;620;0;0;39;47;268;607;0;0;62;59;275;585;0;0;79;73;252;581;0;0;105;80;228;574;0;0;134;90;211;548;0;0;160;107;201;527;0;0;221;111
"K-4635 Gulen";661;304;0;0;0;0;639;332;0;0;0;0;628;394;0;0;0;0;611;454;0;0;0;0;604;489;0;0;1;0;572;547;0;0;1;0;562;609;0;0;1;1;541;687;0;0;7;2;506;721;0;0;6;21;480;754;0;0;11;33;428;788;0;0;16;40;409;817;0;0;26;49;379;823;0;0;40;63;386;808;0;0;69;81;369;757;0;0;115;102;338;753;0;0;148;121;319;707;0;0;181;128;308;683;0;0;250;151
"K-4636 Solund";220;66;0;0;0;0;207;83;0;0;0;0;206;104;0;0;0;0;198;115;0;0;0;0;187;126;0;0;0;0;184;136;0;0;0;0;159;145;0;0;1;0;170;155;0;0;3;0;164;160;0;0;4;4;152;168;0;0;8;11;148;192;0;0;9;9;144;208;0;0;14;13;128;204;0;0;19;13;120;204;0;0;26;19;109;193;0;0;31;28;110;183;0;0;43;33;98;169;0;0;57;43;95;165;0;0;75;50
"K-4637 Hyllestad";454;242;0;0;0;0;437;266;0;0;1;0;435;292;0;0;1;1;399;333;0;0;1;1;381;353;0;0;1;1;356;370;0;0;1;2;338;405;0;0;1;1;327;434;0;0;3;1;298;456;0;0;4;12;283;441;0;0;11;25;261;457;0;0;19;26;237;478;0;0;25;30;207;474;0;0;37;40;204;470;0;0;50;49;188;436;0;0;76;53;176;414;0;0;99;51;175;392;0;0;111;55;186;381;0;0;141;64
"K-4638 Høyanger";1328;586;0;0;0;0;1230;678;0;0;0;1;1161;779;0;0;0;0;1121;861;0;0;0;0;1084;942;0;0;0;1;1006;990;0;0;2;1;943;1068;0;0;6;1;913;1155;0;0;19;1;847;1248;0;1;25;31;810;1300;0;1;33;48;784;1350;0;1;47;62;770;1363;0;1;65;82;705;1374;0;1;87;104;689;1374;0;1;140;125;646;1305;0;1;214;155;605;1210;0;1;269;178;594;1160;0;1;324;197;570;1090;0;1;462;225
"K-4639 Vik";824;433;0;0;0;0;782;494;0;0;0;0;752;531;0;0;0;0;710;600;0;0;0;0;684;636;0;0;0;0;644;688;0;0;0;0;621;721;0;0;1;0;610;783;0;0;4;1;570;833;0;0;8;8;534;866;0;0;8;22;527;915;0;0;14;32;499;928;0;0;25;40;461;905;0;0;40;56;438;902;0;0;75;80;416;877;0;0;104;89;390;857;0;0;144;111;357;825;0;0;174;133;332;788;0;0;252;138
"K-4640 Sogndal";3130;1658;0;0;0;0;3040;1875;0;0;1;0;2918;2133;0;0;1;0;2791;2384;0;0;3;0;2659;2625;0;0;7;0;2526;2843;0;0;14;1;2423;3038;0;0;26;0;2323;3209;0;0;41;0;2147;3398;0;0;66;101;2020;3560;0;0;99;183;1965;3604;0;0;138;228;1847;3662;0;0;184;295;1706;3618;0;0;231;397;1678;3549;0;0;384;526;1529;3450;0;0;560;650;1450;3261;0;0;735;735;1378;3102;0;0;897;838;1356;3003;0;0;1461;1023
"K-4641 Aurland";481;275;0;0;0;0;445;314;0;0;0;0;443;352;0;0;0;0;413;383;0;0;0;0;405;415;0;0;0;1;376;435;0;0;3;0;377;479;0;0;5;0;364;519;0;0;9;0;330;555;0;0;13;19;324;587;0;0;18;24;305;635;0;0;19;28;280;638;0;0;20;32;254;616;0;0;30;45;252;602;0;0;50;66;239;582;0;0;82;82;221;570;0;0;116;94;215;568;0;0;152;106;209;524;0;0;229;127
"K-4642 Lærdal";613;396;0;0;0;0;598;436;0;0;0;0;599;482;0;0;0;0;568;541;0;0;0;0;552;590;0;0;0;0;532;640;0;0;2;0;510;673;0;0;3;0;494;713;0;0;8;0;462;740;0;0;11;23;451;733;0;0;20;37;429;771;0;0;15;46;398;783;0;0;34;59;383;786;0;0;49;69;365;761;0;0;75;92;343;723;0;0;119;118;323;700;0;0;149;142;302;658;0;0;179;151;309;630;0;0;267;155
"K-4643 Årdal";1714;961;0;0;0;1;1647;1070;0;0;0;1;1576;1198;0;0;0;1;1495;1313;0;0;0;1;1396;1421;0;0;0;1;1327;1495;0;0;1;1;1286;1572;0;0;3;0;1249;1616;0;0;7;0;1163;1691;0;0;10;58;1104;1750;0;0;17;86;1055;1776;0;0;20;118;992;1762;0;0;43;156;958;1698;0;0;80;206;933;1592;0;0;179;263;854;1479;0;0;271;315;810;1410;0;0;349;377;770;1321;0;0;464;397;723;1207;0;0;767;404
"K-4644 Luster";1641;819;0;0;0;0;1582;920;0;0;0;0;1555;1042;0;0;0;0;1465;1161;0;0;0;0;1427;1251;0;0;1;0;1371;1385;0;0;6;2;1273;1496;0;0;15;1;1215;1605;0;0;26;1;1178;1698;0;0;34;31;1120;1784;0;0;61;58;1040;1861;0;0;81;68;991;1872;0;0;121;89;961;1843;0;0;152;112;957;1843;0;0;212;151;902;1763;0;0;325;176;837;1705;0;0;397;215;812;1643;0;0;473;246;796;1568;0;0;672;296
"K-4645 Askvoll";910;379;0;0;0;0;853;441;0;0;0;0;822;500;0;0;0;0;794;559;0;0;0;0;755;636;0;0;0;0;710;691;0;0;0;2;666;748;0;0;2;0;655;795;0;0;4;0;607;840;0;0;15;22;574;882;0;0;21;46;517;908;0;0;28;59;503;928;0;0;40;73;465;931;0;0;61;87;453;943;0;0;93;102;437;890;0;0;139;129;407;833;0;0;185;154;384;782;0;0;231;175;364;729;0;0;325;195
"K-4646 Fjaler";822;405;0;0;0;0;803;440;0;0;0;0;774;512;0;0;0;0;734;598;0;0;0;0;702;658;0;0;0;0;654;680;0;0;0;2;600;735;0;0;4;0;578;765;0;0;11;0;542;817;0;0;16;23;515;868;0;0;26;36;466;874;0;0;41;47;468;877;0;0;63;59;434;888;0;0;87;70;400;896;0;0;119;88;366;867;0;0;208;96;333;810;0;0;247;116;320;763;0;0;296;121;309;714;0;0;411;129
"K-4647 Sunnfjord";6581;3045;0;0;1;0;6324;3497;0;0;0;0;6181;3986;0;0;1;0;5953;4465;0;0;1;0;5726;4964;0;0;5;0;5468;5438;0;1;18;9;5264;5750;0;2;66;4;5077;6084;0;2;121;3;4637;6356;0;2;231;235;4399;6605;0;1;383;326;4134;6716;0;2;489;415;3985;6796;0;1;649;534;3697;6686;0;1;918;667;3516;6540;0;0;1308;842;3247;6260;0;0;1890;992;3014;5928;0;0;2321;1102;2812;5636;0;0;2713;1229;2684;5301;0;0;3783;1432
"K-4648 Bremanger";1187;441;0;0;0;0;1126;507;0;0;0;0;1099;576;0;0;0;0;1043;660;0;0;0;0;952;730;0;0;0;0;904;824;0;0;2;0;848;908;0;0;4;0;811;981;0;0;7;0;735;1056;0;0;9;44;672;1080;0;0;11;70;630;1100;0;0;17;89;597;1095;0;0;32;104;547;1092;0;0;63;139;530;1072;0;0;97;156;478;1035;0;0;152;173;443;977;0;0;212;184;423;915;0;0;276;190;403;884;0;0;394;217
"K-4649 Stad";2786;1334;0;0;2;0;2707;1530;0;0;1;0;2608;1734;0;0;1;1;2465;1909;0;0;2;1;2357;2095;0;0;4;1;2227;2312;0;0;5;1;2125;2493;0;0;12;1;2048;2646;0;0;31;1;1918;2810;0;0;47;59;1783;3007;0;0;66;110;1678;3100;0;0;92;144;1575;3172;0;0;138;202;1577;3401;0;0;198;296;1522;3398;0;0;301;368;1411;3265;0;0;491;445;1335;3119;0;0;609;495;1273;3014;0;0;745;577;1206;2854;0;0;1055;627
"K-4650 Gloppen";1822;790;0;0;1;0;1795;868;0;0;1;0;1690;1017;0;0;1;0;1621;1137;0;0;1;0;1579;1266;0;0;4;0;1474;1413;0;0;5;1;1397;1520;0;0;20;0;1301;1660;0;0;33;0;1189;1786;0;0;41;45;1145;1887;0;0;54;90;1044;1940;0;0;94;124;983;2018;0;0;139;157;899;2050;0;0;169;196;854;2036;0;0;255;239;781;1948;0;0;402;270;712;1838;0;0;481;320;658;1763;0;0;558;369;645;1686;0;0;773;397
"K-4651 Stryn";2191;967;0;0;0;0;2184;1121;0;0;0;0;2176;1266;0;0;0;0;2122;1430;0;0;0;0;2071;1602;0;0;1;0;1997;1752;0;0;3;3;1941;1909;0;0;6;0;1879;2044;0;0;11;0;1763;2169;0;0;17;66;1675;2319;0;0;33;111;1591;2405;0;0;47;150;1564;2471;0;0;79;198;1449;2450;0;0;126;257;1438;2468;0;0;198;319;1320;2386;0;0;327;360;1229;2291;0;0;433;423;1165;2198;0;0;547;476;1134;2112;0;0;798;577
"K-1505 Kristiansund";6880;2917;0;0;0;1;6642;3379;0;0;0;1;6428;3849;0;0;6;1;6216;4403;0;0;19;3;6141;4811;0;0;42;3;6022;5246;0;0;68;8;5881;5569;0;0;109;1;5710;5835;0;0;171;1;5267;5945;0;0;220;299;4984;6030;0;0;284;465;4749;6098;0;0;408;603;4630;6044;0;0;554;771;4370;6052;0;0;780;1006;4194;5832;0;0;1257;1258;3920;5509;0;0;1951;1472;3618;5174;0;0;2418;1583;3348;4869;0;0;2858;1694;3124;4553;0;0;3869;1786
"K-1506 Molde";9767;4014;0;1;3;4;9559;4573;0;1;2;4;9210;5337;0;1;2;3;8969;6033;0;0;8;3;8586;6587;0;0;14;5;8393;7152;0;0;45;20;8041;7686;0;0;109;8;7854;8135;0;0;177;10;7379;8487;0;0;248;376;7115;8735;0;0;343;592;6688;8944;0;0;500;752;6419;9034;0;0;743;934;5986;8993;0;0;1049;1220;5802;8911;0;0;1616;1512;5369;8487;0;0;2563;1730;4986;8087;0;0;3265;1991;4630;7628;0;0;3837;2138;4364;7169;0;0;5727;2452
"K-1508 Ålesund";16542;5724;0;0;8;1;16054;6807;0;1;6;1;15544;8085;0;1;7;1;15065;9347;0;1;13;1;14553;10455;0;0;39;3;14083;11321;0;0;87;22;13587;12081;0;0;258;10;13370;12743;0;0;467;13;12511;13144;0;0;631;756;12088;13583;0;0;808;1104;11610;13802;0;0;1047;1429;11297;13978;0;0;1445;1868;12382;16569;0;0;2432;2797;11731;16137;0;0;3890;3498;10747;14967;0;0;6458;3808;9796;13887;0;0;8016;4074;7801;10620;0;0;8240;3819;7331;9838;0;0;11181;4126
"K-1511 Vanylven";1205;550;0;0;0;0;1141;622;0;0;0;0;1091;699;0;0;0;0;1065;798;0;0;0;0;1019;890;0;0;0;1;974;953;0;0;0;1;911;1019;0;0;4;1;880;1071;0;0;9;1;830;1123;0;0;11;33;767;1199;0;0;12;50;708;1245;0;0;22;60;702;1254;0;0;30;68;670;1254;0;0;49;91;631;1240;0;0;87;111;602;1174;0;0;160;120;564;1122;0;0;211;141;544;1091;0;0;255;161;526;1047;0;0;343;170
"K-1514 Sande (Møre og Romsdal)";867;349;0;0;0;0;813;404;0;0;0;0;783;466;0;0;0;1;756;510;0;0;0;1;720;561;0;0;0;1;683;620;0;0;3;2;649;680;0;0;6;1;605;726;0;0;7;1;565;745;0;0;10;22;523;784;0;0;12;39;485;785;0;0;22;53;474;793;0;0;25;65;451;793;0;0;44;90;429;755;0;0;71;107;400;716;0;0;137;130;373;694;0;0;176;157;323;643;0;0;235;161;313;605;0;0;326;170
"K-1515 Herøy (Møre og Romsdal)";3124;1042;0;0;0;0;3014;1251;0;0;0;0;2894;1520;0;0;0;0;2766;1775;0;0;1;0;2604;2063;0;0;2;0;2509;2228;0;0;13;3;2439;2412;0;0;23;2;2338;2548;0;0;47;2;2160;2672;0;0;59;101;2050;2791;0;0;79;168;1936;2816;0;0;101;228;1928;2874;0;0;154;294;1764;2739;0;0;241;389;1617;2632;0;0;438;506;1451;2510;0;0;745;567;1313;2361;0;0;955;616;1217;2276;0;0;1168;641;1152;2101;0;0;1597;702
"K-1516 Ulstein";2346;887;0;0;1;2;2290;1068;0;0;1;3;2216;1255;0;0;1;3;2144;1475;0;0;1;3;2087;1601;0;0;7;5;2050;1752;0;0;14;8;2075;1922;0;0;36;6;2038;2071;0;0;51;5;1962;2164;0;0;73;94;1901;2272;0;0;106;152;1814;2325;0;0;151;210;1729;2345;0;0;234;284;1551;2282;0;0;362;390;1454;2217;0;0;566;471;1327;2067;0;0;860;543;1197;1947;0;0;1137;566;1127;1796;0;0;1354;586;1079;1718;0;0;1764;620
"K-1517 Hareid";1725;556;0;0;0;0;1684;664;0;0;0;0;1645;760;0;0;0;0;1594;861;0;0;0;0;1562;981;0;0;0;0;1470;1084;0;0;5;1;1428;1189;0;0;14;0;1417;1279;0;0;23;0;1305;1395;0;0;28;59;1272;1445;0;0;37;87;1170;1494;0;0;52;114;1131;1543;0;0;94;129;1013;1521;0;0;142;175;985;1529;0;0;226;240;872;1497;0;0;358;290;809;1384;0;0;471;318;746;1290;0;0;582;349;711;1213;0;0;796;372
"K-1520 Ørsta";3707;1408;0;0;1;0;3611;1602;0;0;1;0;3566;1849;0;0;1;0;3484;2114;0;0;0;0;3354;2309;0;0;2;0;3261;2536;0;0;11;1;3191;2784;0;0;27;0;3184;3000;0;0;42;1;2994;3171;0;0;57;111;2854;3351;0;1;87;168;2747;3464;0;1;118;213;2667;3526;0;1;177;274;2478;3480;0;1;301;363;2350;3499;0;1;464;473;2206;3337;0;1;766;566;2044;3194;0;1;968;627;1965;3085;0;1;1159;663;1884;2949;0;1;1545;755
"K-1525 Stranda";1468;629;0;0;0;0;1454;712;0;0;0;0;1383;825;0;0;0;0;1317;921;0;0;0;0;1281;1021;0;0;0;0;1240;1111;0;0;0;3;1203;1180;0;0;7;1;1159;1276;0;0;11;0;1090;1318;0;0;20;32;1069;1356;0;0;30;50;998;1393;0;0;43;71;954;1421;0;0;58;85;906;1412;0;0;87;115;878;1413;0;0;152;144;810;1358;0;0;255;170;761;1273;0;0;319;196;719;1199;0;0;383;223;704;1154;0;0;582;255
"K-1528 Sykkylven";2701;906;0;0;2;0;2628;1033;0;0;3;0;2550;1201;0;0;3;0;2482;1340;0;0;7;0;2353;1476;0;0;27;0;2315;1612;0;0;45;0;2198;1734;0;0;73;1;2120;1860;0;0;104;1;1994;1953;0;0;119;43;1950;2053;0;0;132;65;1861;2123;0;0;134;94;1814;2179;0;0;175;130;1667;2174;0;0;223;208;1612;2153;0;0;340;274;1525;2020;0;0;488;334;1402;1914;0;0;644;372;1334;1842;0;0;770;412;1300;1757;0;0;1059;462
"K-1531 Sula";2661;872;0;0;0;0;2608;1046;0;0;1;0;2518;1276;0;0;2;0;2414;1489;0;0;3;0;2367;1706;0;0;4;0;2319;1900;0;0;9;3;2269;2052;0;0;33;1;2211;2219;0;0;60;2;2033;2362;0;0;84;93;1991;2454;0;0;123;149;1877;2528;0;0;167;187;1892;2576;0;0;230;250;1751;2570;0;0;316;345;1631;2507;0;0;527;473;1525;2350;0;0;878;536;1401;2154;0;0;1114;566;1317;2008;0;0;1318;593;1220;1888;0;0;1777;624
"K-1532 Giske";2239;656;0;0;4;0;2213;814;0;0;2;0;2154;991;0;0;1;0;2020;1233;0;0;1;1;1976;1473;0;0;5;1;1944;1688;0;0;7;4;1846;1856;0;0;26;1;1821;2010;0;0;65;2;1678;2108;0;0;95;89;1582;2242;0;0;131;119;1525;2267;0;0;174;171;1452;2272;0;0;257;243;1400;2249;0;0;386;312;1333;2177;0;0;598;366;1224;2011;0;0;976;424;1114;1835;0;0;1190;457;1075;1693;0;0;1366;503;1003;1633;0;0;2455;1381
"K-1535 Vestnes";2146;839;0;1;0;0;2072;971;0;0;0;0;2043;1078;0;0;0;0;2019;1209;0;0;0;0;1961;1357;0;0;0;0;1890;1535;0;0;4;3;1808;1673;0;0;13;1;1749;1783;0;0;42;1;1621;1904;0;0;74;43;1550;2015;0;0;111;68;1442;2086;0;0;174;87;1389;2117;0;0;243;120;1260;2130;0;0;294;166;1288;2290;0;0;407;229;1175;2268;0;0;551;276;1140;2223;0;0;647;321;1053;2224;0;0;762;369;1038;2150;0;0;1021;405
"K-1539 Rauma";2370;1225;0;0;0;0;2338;1375;0;0;1;0;2204;1521;0;0;1;0;2163;1650;0;0;4;0;2100;1814;0;0;3;0;2021;1973;0;1;6;0;1927;2118;0;1;16;0;1849;2288;0;1;39;0;1734;2419;0;0;58;49;1639;2512;0;0;92;82;1482;2577;0;0;132;113;1465;2645;0;0;187;130;1345;2657;0;0;249;168;1228;2491;0;0;303;221;1130;2422;0;0;453;254;1089;2319;0;0;540;297;1067;2208;0;0;643;357;1041;2093;0;0;848;383
"K-1547 Aukra";1142;361;0;0;0;1;1099;432;0;0;0;2;1069;514;0;0;0;2;1059;593;0;0;3;2;1047;658;0;0;4;3;1025;742;0;0;5;3;991;815;0;0;11;3;970;867;0;0;19;3;897;902;0;0;33;51;849;963;0;0;44;69;791;983;0;0;68;82;766;981;0;0;98;113;708;959;0;0;149;141;676;956;0;0;216;159;632;917;0;0;338;184;614;891;0;0;401;216;608;872;0;0;485;232;561;844;0;0;604;267
"K-1554 Averøy";1707;823;0;0;0;1;1637;954;0;0;0;1;1592;1081;0;0;2;0;1531;1237;0;0;23;0;1455;1336;0;0;87;0;1328;1447;0;0;164;0;1268;1560;0;0;233;1;1230;1615;0;0;303;1;1149;1693;0;0;370;66;1074;1766;0;0;425;96;1002;1732;0;0;545;126;948;1730;0;0;563;165;952;1748;0;0;577;220;885;1767;0;0;654;292;807;1635;0;0;846;321;758;1549;0;0;984;349;734;1458;0;0;1078;370;729;1372;0;0;1317;383
"K-1557 Gjemnes";862;426;0;0;0;0;833;486;0;0;0;0;797;535;0;0;1;0;760;603;0;0;1;0;735;658;0;0;1;0;692;726;0;0;10;0;659;767;0;0;12;0;615;819;0;0;16;0;568;866;0;0;20;15;546;923;0;0;26;21;519;959;0;0;45;30;510;964;0;0;65;44;480;975;0;0;83;63;432;960;0;0;130;85;412;923;0;0;192;105;397;886;0;0;234;114;380;855;0;0;282;123;381;846;0;0;359;132
"K-1560 Tingvoll";1002;505;0;0;0;0;969;562;0;0;0;0;919;637;0;0;1;0;897;677;0;0;1;0;889;739;0;0;5;0;843;810;0;0;4;1;805;873;0;0;3;0;790;948;0;0;6;1;736;1001;0;0;9;13;676;1072;0;0;16;27;651;1093;0;0;27;42;612;1132;0;0;42;58;581;1114;0;0;53;80;538;1110;0;0;91;111;495;1057;0;0;185;133;466;1010;0;0;239;134;438;990;0;0;276;148;421;964;0;0;363;164
"K-1563 Sunndal";2655;956;0;0;0;0;2563;1096;0;0;0;0;2531;1206;0;0;1;0;2482;1331;0;0;2;0;2447;1455;0;0;6;0;2354;1594;0;0;7;1;2259;1761;0;0;16;0;2140;1907;0;0;22;0;2031;2056;0;0;23;47;1970;2160;0;0;24;74;1824;2259;0;0;45;111;1750;2284;0;0;73;145;1670;2252;0;0;104;195;1620;2275;0;0;178;251;1483;2202;0;0;361;285;1380;2151;0;0;462;303;1315;2074;0;0;596;348;1258;1984;0;0;801;380
"K-1566 Surnadal";2238;833;0;1;1;0;2170;968;0;0;1;0;2147;1078;0;0;1;0;2089;1205;0;0;2;0;2059;1338;0;0;3;0;2024;1439;0;0;5;0;1920;1611;0;0;9;0;1889;1726;0;0;16;0;1739;1852;0;0;22;47;1685;1953;0;0;30;63;1607;2050;0;0;38;90;1496;2131;0;0;62;127;1393;2192;0;0;110;156;1332;2183;0;0;183;188;1204;2090;0;0;348;209;1143;2037;0;0;415;242;1077;1967;0;0;511;274;1001;1897;0;0;742;298
"K-1573 Smøla";692;274;0;0;0;0;695;315;0;0;0;0;645;361;0;0;0;0;604;412;0;0;0;0;609;446;0;0;1;1;598;486;0;0;0;1;550;543;0;0;3;0;505;573;0;0;7;0;480;618;0;0;10;16;453;664;0;0;11;23;431;653;0;0;19;36;404;679;0;0;28;54;363;693;0;0;38;65;340;673;0;0;72;80;326;625;0;0;125;88;286;611;0;0;159;102;285;579;0;0;188;115;284;552;0;0;236;125
"K-1576 Aure";1124;604;0;0;0;0;1056;665;0;0;0;0;1034;754;0;0;0;0;1001;827;0;0;0;0;975;895;0;0;2;0;924;979;0;0;7;0;907;1030;0;0;8;0;847;1128;0;0;13;0;802;1189;0;0;17;26;754;1295;0;0;22;45;696;1329;0;0;43;48;654;1358;0;0;53;63;592;1366;0;0;71;86;578;1355;0;0;108;116;527;1304;0;0;194;128;493;1264;0;0;236;144;468;1204;0;0;267;174;450;1122;0;0;364;191
"K-1577 Volda";3202;1181;0;0;1;0;3135;1348;0;0;1;0;3053;1580;0;1;1;0;2959;1807;0;1;2;0;2852;2042;0;0;4;1;2760;2235;0;0;11;2;2669;2445;0;0;24;1;2595;2655;1;0;52;0;2430;2793;0;0;76;118;2364;2898;0;0;100;178;2226;3045;0;0;147;226;2076;3141;0;0;223;264;1993;3246;0;0;293;337;1908;3266;0;0;469;432;1746;3081;0;0;747;483;1630;2965;0;0;926;537;1535;2823;0;0;1095;604;1482;2668;0;0;1477;649
"K-1578 Fjord";926;355;0;0;0;0;906;412;0;0;0;0;857;490;0;0;0;0;841;541;0;0;0;0;815;614;0;0;0;0;748;663;0;0;0;1;720;697;0;0;6;0;669;735;0;0;12;0;648;773;0;0;17;15;600;797;0;0;26;28;573;815;0;0;32;38;560;852;0;0;49;43;511;835;0;0;77;60;487;836;0;0;119;79;462;798;0;0;177;98;429;773;0;0;212;113;412;717;0;0;249;131;403;697;0;0;336;151
"K-1579 Hustadvika";4304;2232;1;0;2;3;4250;2473;1;0;2;1;4177;2792;1;0;2;1;4007;3144;1;0;4;2;3900;3450;1;0;9;2;3776;3756;1;0;19;10;3642;4104;1;0;51;7;3420;4400;1;0;80;6;3197;4620;1;0;112;104;3037;4785;1;0;147;178;2894;4956;0;0;214;225;2768;5093;0;0;305;283;2645;5150;0;0;416;354;2549;5140;0;0;638;442;2352;4892;0;0;1042;527;2256;4682;0;0;1299;617;2145;4559;0;0;1509;677;2063;4340;0;0;2176;772
"K-1580 Haram";3024;1125;0;0;0;0;2940;1309;0;0;0;0;2875;1477;0;0;0;0;2804;1690;0;0;0;0;2690;1923;0;0;2;0;2532;2159;0;0;4;0;2428;2344;0;0;7;0;2363;2510;0;0;41;0;2248;2669;0;0;72;89;2150;2808;0;0;93;131;2089;2887;0;0;133;172;2006;2930;0;0;205;232;0;0;0;0;0;0;0;0;0;0;0;0;0;0;0;0;0;0;0;0;0;0;0;0;1375;2398;0;0;1232;508;1300;2259;0;0;1587;553
"K-5001 Trondheim - Tråante";53106;20070;0;1;58;6;51675;22976;0;2;62;6;49512;26518;0;2;85;7;47179;30000;0;3;171;8;45323;33013;0;3;384;14;43431;35091;0;3;842;52;41294;36716;0;4;1933;26;40006;38159;0;4;3335;25;36698;38943;0;3;4477;2643;34506;39498;0;4;5685;4194;32115;38867;0;5;7787;5250;30864;38055;0;5;10403;6315;28396;36632;0;4;13607;7651;26672;35044;1;5;18574;9069;24168;32260;0;5;24428;9716;21978;29331;0;5;27821;10233;20188;27111;0;3;31430;10486;18923;25075;0;3;37742;10786
"K-5006 Steinkjer - Stïentje";7783;3543;0;0;1;1;7564;4006;0;0;1;1;7317;4493;0;0;3;1;7126;5105;0;0;6;1;6800;5711;0;0;3;1;6523;6252;0;0;8;8;6160;6706;0;0;34;0;5860;7164;0;0;73;1;5380;7605;0;0;124;199;5077;8056;0;0;168;327;4707;8292;0;0;288;428;4521;8368;0;0;469;555;4021;8229;0;0;793;701;3753;7997;0;0;1280;889;3375;7539;0;0;2056;1038;3110;7065;0;1;2499;1153;2860;6726;0;1;2973;1223;2730;6441;0;2;3743;1342
"K-5007 Namsos - Nåavmesjenjaelmie";4310;2429;0;0;0;1;4180;2710;0;0;0;1;4077;2946;0;0;0;0;3909;3234;0;0;0;1;3791;3559;0;0;3;1;3602;3843;0;0;12;2;3412;4039;0;0;24;0;3268;4315;0;0;51;0;3022;4506;0;0;73;149;2849;4749;0;0;108;241;2637;4839;0;0;152;320;2574;4932;0;0;195;428;2448;4845;0;0;314;574;2279;4786;0;0;578;691;2125;4550;0;0;948;762;1966;4325;0;0;1191;816;1820;4198;0;0;1431;860;1712;3961;0;0;2193;973
"K-5014 Frøya";1170;496;0;0;0;0;1163;546;0;0;0;0;1149;634;0;0;0;0;1156;751;0;0;0;0;1141;843;0;0;0;0;1092;984;0;0;1;1;1095;1169;0;0;10;0;1095;1315;0;0;19;0;1006;1467;0;0;25;49;952;1594;0;0;33;73;916;1689;0;0;62;97;930;1741;0;0;102;139;871;1697;0;0;137;179;857;1721;0;0;201;227;796;1599;0;0;337;266;770;1534;0;0;409;323;720;1485;0;0;487;358;690;1434;0;0;708;403
"K-5020 Osen";339;185;0;0;0;0;337;209;0;0;0;0;304;234;0;0;0;0;290;250;0;0;0;0;276;272;0;0;0;0;255;288;0;0;0;0;241;299;0;0;0;0;228;322;0;0;0;0;218;332;0;0;0;1;212;343;0;0;1;5;197;366;0;0;4;10;193;382;0;0;5;16;163;390;0;0;11;25;149;382;0;0;24;32;138;370;0;0;49;33;129;358;0;0;67;35;112;349;0;0;80;35;114;335;0;0;96;44
"K-5021 Oppdal";1986;1149;0;0;0;0;1922;1273;0;0;0;0;1834;1428;0;0;0;0;1807;1544;0;0;1;0;1731;1666;0;0;2;0;1673;1832;0;0;4;2;1646;1962;0;0;5;0;1588;2090;0;0;16;0;1498;2195;0;0;21;83;1427;2318;0;0;41;102;1341;2446;0;0;60;139;1298;2529;0;0;82;176;1180;2557;0;0;122;217;1151;2534;0;0;192;276;1094;2423;0;0;350;326;1025;2318;0;0;461;382;975;2205;0;0;542;437;949;2137;0;0;746;462
"K-5022 Rennebu";828;487;0;0;0;0;800;519;0;0;0;0;783;610;0;0;0;0;739;662;0;0;0;0;725;706;0;0;0;0;700;758;0;0;0;0;672;806;0;0;1;0;673;822;0;0;3;0;592;881;0;0;5;28;569;948;0;0;8;33;511;972;0;0;15;43;504;984;0;0;21;54;443;1006;0;0;39;60;444;1001;0;0;75;70;406;969;0;0;114;86;367;923;0;0;168;91;326;909;0;0;203;101;313;882;0;0;274;121
"K-5025 Røros - Rosse";1960;756;0;0;0;0;1898;862;0;0;0;0;1865;940;0;0;0;0;1841;1047;0;0;0;0;1788;1169;0;0;0;0;1764;1255;0;0;0;3;1738;1338;0;0;2;1;1677;1406;0;0;3;1;1548;1525;0;0;4;81;1497;1598;0;0;8;106;1444;1650;0;0;15;123;1396;1707;0;0;29;173;1336;1673;0;0;51;222;1255;1703;0;0;105;285;1124;1647;0;0;173;324;1052;1619;0;0;225;347;972;1572;0;0;284;404;948;1523;0;0;445;438
"K-5026 Holtålen";737;358;0;0;0;0;732;377;0;0;0;0;683;423;0;0;0;0;629;471;0;0;0;0;600;516;0;0;0;0;579;551;0;0;1;3;566;587;0;0;1;1;529;661;0;0;4;1;464;717;0;0;5;20;433;756;0;0;8;29;407;798;0;0;12;31;374;815;0;0;15;32;348;795;0;0;23;40;338;805;0;0;39;56;304;794;0;0;61;65;286;773;0;0;88;81;275;745;0;0;108;101;272;732;0;0;154;115
"K-5027 Midtre Gauldal";1939;978;0;0;0;0;1863;1112;0;0;0;0;1833;1277;0;0;0;0;1794;1407;0;0;0;0;1731;1569;0;0;2;0;1640;1764;0;0;9;0;1545;1889;0;0;18;0;1439;1993;0;0;34;0;1305;2145;0;0;48;53;1218;2276;0;0;57;82;1112;2327;0;0;78;104;1077;2392;0;0;106;124;957;2420;0;0;150;143;886;2416;0;0;232;182;793;2285;0;0;398;203;710;2140;0;0;495;237;680;2070;0;0;562;265;672;1942;0;0;751;295
"K-5028 Melhus";5231;2219;0;0;1;0;5101;2519;0;0;1;0;4961;2904;0;0;2;0;4862;3315;0;0;8;0;4696;3720;0;0;29;0;4436;4067;0;1;77;0;4183;4358;0;1;191;1;4044;4590;0;1;343;1;3758;4843;0;0;441;118;3560;5067;0;0;554;207;3385;5193;0;0;771;260;3242;5243;0;0;1037;342;2942;5178;0;0;1339;441;2802;5103;0;0;1722;556;2543;4796;0;0;2343;652;2407;4472;0;0;2678;718;2257;4250;0;0;2964;802;2120;4037;0;0;3437;868
"K-5029 Skaun";2265;1015;0;0;3;0;2221;1143;0;0;4;0;2212;1329;0;0;7;0;2095;1523;0;0;13;0;2024;1702;0;0;35;0;1937;1895;0;0;96;0;1898;2046;0;0;200;0;1824;2164;0;0;299;0;1723;2331;0;0;383;69;1639;2425;0;0;427;111;1544;2452;0;0;525;135;1492;2487;0;0;616;186;1370;2498;0;0;723;236;1307;2429;0;0;897;291;1167;2243;0;0;1221;330;1082;2098;0;0;1378;361;1014;1942;0;0;1537;391;963;1837;0;0;1804;444
"K-5031 Malvik";4237;1778;0;0;0;0;4084;2066;0;0;1;0;3937;2344;0;0;2;0;3708;2621;0;0;12;0;3586;2878;0;0;56;0;3437;3161;0;0;129;2;3233;3300;0;0;321;1;3103;3447;0;1;543;4;2829;3548;0;1;703;157;2719;3579;0;1;848;264;2513;3523;0;1;1126;306;2377;3463;0;1;1371;377;2151;3424;0;1;1678;448;2019;3325;0;0;2080;541;1835;3064;0;0;2595;590;1676;2798;0;1;2934;651;1573;2648;0;0;3180;747;1460;2464;0;0;3598;781
"K-5032 Selbu";1483;646;0;0;0;0;1434;727;0;0;0;0;1438;828;0;0;0;0;1406;930;0;0;0;0;1320;1035;0;0;3;0;1279;1129;0;0;6;1;1196;1233;0;0;22;1;1148;1316;0;0;31;1;1084;1382;0;0;34;32;986;1424;0;0;40;62;940;1502;0;0;69;75;922;1531;0;0;95;107;840;1532;0;0;122;136;822;1534;0;0;169;175;793;1507;0;0;263;203;728;1460;0;0;313;238;706;1414;0;0;377;261;686;1371;0;0;510;269
"K-5033 Tydal";281;151;0;0;0;0;264;177;0;0;0;0;260;203;0;0;0;0;252;220;0;0;0;0;230;244;0;0;0;0;214;274;0;0;0;0;198;300;0;0;0;0;182;304;0;0;0;0;174;305;0;0;0;7;150;323;0;0;2;10;128;318;0;0;3;15;119;316;0;0;3;19;114;304;0;0;5;26;108;293;0;0;12;30;109;282;0;0;27;36;112;263;0;0;32;41;96;264;0;0;43;52;96;258;0;0;75;53
"K-5034 Meråker";802;415;0;1;0;0;765;443;0;1;0;0;764;485;0;1;0;0;755;534;0;1;0;0;771;573;0;1;1;0;723;613;0;1;1;0;715;656;0;1;1;0;705;697;0;0;2;0;665;719;0;0;6;28;612;757;0;0;13;38;561;788;0;0;21;45;539;801;0;0;33;57;508;777;0;0;43;73;485;793;0;0;67;78;451;785;0;0;122;107;413;739;0;0;141;124;388;726;0;0;191;135;353;734;0;0;262;159
"K-5035 Stjørdal";7246;3369;0;0;2;0;7122;3757;0;0;2;0;7004;4164;0;0;2;0;6840;4671;0;0;6;2;6709;5126;0;0;31;2;6490;5605;0;0;88;8;6321;5994;0;0;232;5;6165;6318;0;0;431;4;5657;6464;0;0;627;403;5448;6687;0;0;814;587;5201;6672;0;0;1099;755;5008;6743;0;0;1414;883;4614;6827;0;1;1759;1163;4338;6539;0;0;2334;1525;3953;6099;0;0;2964;1450;3628;5803;0;0;3332;1560;3419;5409;0;1;3810;1650;3295;5025;0;1;4606;1742
"K-5036 Frosta";833;418;0;0;1;0;824;456;0;0;2;0;773;510;0;0;3;0;766;578;0;0;4;0;732;662;0;0;7;0;697;739;0;0;10;0;665;780;0;0;15;0;630;833;0;0;24;0;600;878;0;0;27;24;574;876;0;0;35;36;553;932;0;0;49;59;530;933;0;0;80;68;497;968;0;0;108;73;441;983;0;0;166;97;411;931;0;0;231;116;411;849;0;0;297;140;360;787;0;0;369;159;356;737;0;0;433;172
"K-5037 Levanger - Levangke";6025;2915;0;0;1;2;5853;3262;0;0;2;2;5670;3731;0;0;1;2;5480;4164;0;0;4;1;5365;4591;0;0;12;1;5151;5019;0;0;19;7;4999;5400;0;0;46;4;4857;5752;0;0;85;4;4488;6122;0;0;135;196;4196;6571;0;0;197;294;3898;6797;0;0;322;423;3676;6844;0;0;433;521;3377;6854;0;0;597;651;3177;6808;0;0;881;800;2917;6499;0;0;1444;934;2670;6185;0;0;1862;1057;2555;5832;0;0;2208;1196;2441;5497;0;0;2875;1342
"K-5038 Verdal";4866;2350;0;0;0;0;4779;2613;0;0;0;0;4657;2987;0;0;1;0;4452;3315;0;0;2;0;4290;3713;0;0;2;0;4050;4086;0;0;8;2;3880;4369;0;0;25;0;3726;4689;0;0;47;0;3503;4966;0;0;58;85;3310;5345;0;0;100;152;3006;5549;0;0;169;217;2829;5636;0;0;251;277;2590;5665;0;0;378;355;2447;5735;0;0;608;465;2215;5494;0;0;1035;539;2109;5258;0;0;1268;581;2064;5101;0;0;1581;628;1998;4873;0;0;2053;696
"K-5041 Snåase - Snåsa";653;352;0;0;0;0;643;389;0;0;0;0;621;439;0;0;0;0;587;491;0;0;1;0;555;548;0;0;1;0;535;602;0;0;1;0;506;646;0;0;1;0;469;670;0;0;4;0;445;700;0;0;7;11;405;743;0;0;8;21;372;769;0;0;19;28;363;788;0;0;33;36;324;784;0;0;45;50;302;766;0;0;63;62;264;732;0;0;112;68;242;709;0;0;145;83;238;684;0;0;181;99;209;655;0;0;245;112
"K-5042 Lierne";397;340;0;0;0;0;379;365;0;0;0;0;360;405;0;0;0;0;350;429;0;0;0;0;307;451;0;0;0;0;281;501;0;0;0;1;256;511;0;0;0;0;244;544;0;0;0;0;223;579;0;0;3;6;211;573;0;0;3;10;184;631;0;0;3;12;169;635;0;0;3;18;148;625;0;0;1;25;142;625;0;0;4;31;128;590;0;0;34;36;126;560;0;0;47;46;128;553;0;0;56;55;120;526;0;0;98;68
"K-5043 Raarvihke - Røyrvik";149;120;0;0;0;0;137;126;0;0;0;0;136;144;0;0;0;0;116;141;0;0;0;0;107;164;0;0;0;0;102;167;0;0;1;0;97;177;0;0;1;0;83;181;0;0;1;0;70;184;0;0;1;4;74;188;0;0;1;5;73;196;0;0;1;8;60;186;0;0;1;11;57;194;0;0;1;13;46;188;0;0;6;20;42;165;0;0;13;21;35;156;0;0;11;23;33;163;0;0;17;24;32;154;0;0;35;23
"K-5044 Namsskogan";253;207;0;0;0;0;231;232;0;0;0;0;210;256;0;0;0;0;204;264;0;0;0;0;197;282;0;0;0;0;189;300;0;0;0;0;171;321;0;0;0;0;167;317;0;0;0;0;156;334;0;0;0;3;154;377;0;0;0;3;135;370;0;0;1;2;124;367;0;0;2;6;121;368;0;0;2;15;128;382;0;0;6;17;117;345;0;0;10;19;106;350;0;0;14;22;110;346;0;0;18;31;101;334;0;0;44;37
"K-5045 Grong";800;436;0;0;0;0;781;469;0;0;0;0;724;535;0;0;0;0;685;604;0;0;0;0;654;680;0;0;0;0;622;706;0;0;0;1;611;770;0;0;3;0;573;827;0;0;6;0;535;875;0;0;7;8;523;890;0;0;12;19;503;876;0;0;18;24;481;893;0;0;19;37;456;900;0;0;25;53;431;861;0;0;53;76;393;806;0;0;111;88;356;759;0;0;145;98;347;708;0;0;176;100;327;678;0;0;238;115
"K-5046 Høylandet";367;265;0;0;0;0;342;285;0;0;0;0;324;323;0;0;0;0;312;348;0;0;1;0;293;372;0;0;3;0;281;401;0;0;5;0;269;416;0;0;9;0;247;426;0;0;8;0;225;471;0;0;7;14;228;484;0;0;7;24;209;495;0;0;17;30;193;517;0;0;29;36;168;482;0;0;42;46;148;469;0;0;69;69;143;440;0;0;116;79;132;419;0;0;137;85;120;401;0;0;167;88;110;377;0;0;217;95
"K-5047 Overhalla";1028;696;0;0;0;0;984;799;0;0;0;0;928;895;0;0;0;0;846;987;0;0;1;0;821;1049;0;0;1;0;759;1160;0;0;4;0;728;1250;0;0;6;0;682;1346;0;0;16;0;625;1425;0;0;24;28;601;1445;0;0;29;46;569;1466;0;0;43;65;588;1462;0;0;60;83;545;1422;0;0;83;122;521;1385;0;0;153;160;465;1275;0;0;295;192;444;1211;0;0;381;200;398;1136;0;0;450;204;382;1098;0;0;591;223
"K-5049 Flatanger";328;186;0;0;0;0;303;216;0;0;0;0;296;235;0;0;0;0;290;257;0;0;0;0;290;300;0;0;0;0;267;329;0;0;0;0;248;353;0;0;0;0;225;392;0;0;1;0;218;408;0;0;0;6;175;384;0;0;0;10;183;460;0;0;1;10;187;496;0;0;3;15;180;500;0;0;10;26;173;486;0;0;18;35;174;466;0;0;51;39;171;434;0;0;74;51;169;435;0;0;84;51;157;419;0;0;108;60
"K-5052 Leka";176;83;0;0;0;0;168;100;0;0;0;0;159;114;0;0;0;0;158;120;0;0;0;0;144;136;0;0;0;0;138;152;0;0;0;0;142;158;0;0;1;0;131;174;0;0;2;0;133;183;0;0;2;5;120;187;0;0;2;5;115;192;0;0;1;10;109;201;0;1;1;12;91;207;0;1;2;14;96;205;0;0;5;21;89;220;0;0;8;24;86;212;0;0;12;30;76;200;0;0;21;32;76;206;0;0;38;36
"K-5053 Inderøy";2218;1210;0;0;0;0;2118;1355;0;0;0;0;2057;1509;0;0;0;0;1970;1671;0;0;0;0;1887;1854;0;0;1;0;1803;1986;0;0;5;0;1675;2162;0;0;14;0;1593;2269;0;0;29;0;1415;2431;0;0;47;57;1300;2504;0;0;68;91;1215;2589;0;0;122;120;1151;2663;0;0;179;145;1064;2626;0;0;247;178;1003;2648;0;0;352;219;940;2550;0;0;557;253;880;2383;0;0;727;285;832;2262;0;0;900;321;786;2189;0;0;1186;345
"K-5054 Indre Fosen";3364;1591;1;0;0;0;3294;1764;1;0;0;0;3208;1954;1;0;2;0;3154;2164;0;0;10;0;3065;2370;0;0;49;0;2917;2564;0;0;108;1;2781;2760;0;0;137;1;2676;2970;0;0;159;1;2436;3101;0;0;180;76;2280;3271;0;0;203;112;2146;3382;0;0;279;161;2093;3539;0;0;356;194;1929;3656;0;0;466;235;1859;3670;0;0;608;313;1659;3464;0;0;916;354;1527;3325;0;0;1080;393;1457;3230;0;0;1202;436;1351;3130;0;0;1472;485
"K-5055 Heim";0;0;0;0;0;0;0;0;0;0;0;0;0;0;0;0;0;0;0;0;0;0;0;0;0;0;0;0;0;0;0;0;0;0;0;0;0;0;0;0;0;0;0;0;0;0;0;0;0;0;0;0;0;0;0;0;0;0;0;0;0;0;0;0;0;0;0;0;0;0;0;0;1071;2302;0;0;127;164;1036;2289;0;0;193;233;924;2185;0;0;359;267;868;2063;0;0;480;289;832;1961;0;0;574;314;824;1873;0;0;781;312
"K-5056 Hitra";0;0;0;0;0;0;0;0;0;0;0;0;0;0;0;0;0;0;0;0;0;0;0;0;0;0;0;0;0;0;0;0;0;0;0;0;0;0;0;0;0;0;0;0;0;0;0;0;0;0;0;0;0;0;0;0;0;0;0;0;0;0;0;0;0;0;0;0;0;0;0;0;843;1846;0;0;153;148;811;1827;0;0;229;196;759;1803;0;0;358;209;701;1749;0;0;428;245;668;1638;0;0;502;275;615;1603;0;0;707;318
"K-5057 Ørland";3562;1227;0;0;3;0;3471;1407;0;0;4;0;3400;1613;0;0;4;0;3279;1866;0;0;5;0;3222;2091;0;0;20;0;3097;2318;0;0;37;0;2959;2593;0;0;45;0;2791;2866;0;0;67;0;2644;3078;0;0;73;86;2497;3309;0;0;104;150;2346;3482;0;0;137;197;2226;3598;0;0;200;255;2058;3588;0;0;266;340;1940;3628;0;0;433;440;1803;3499;0;0;709;507;1647;3388;0;0;906;571;1562;3276;0;0;1092;631;1524;3204;0;0;1418;707
"K-5058 Åfjord";1384;752;0;0;0;0;1351;841;0;0;0;0;1334;929;0;0;0;0;1324;1037;0;0;0;0;1268;1115;0;0;0;1;1213;1221;0;0;10;1;1137;1335;0;0;14;1;1080;1436;0;0;25;1;1015;1528;0;0;27;31;957;1629;0;0;37;45;874;1721;0;0;46;58;826;1772;0;0;67;66;780;1753;0;0;100;83;742;1764;0;0;158;111;665;1735;0;0;246;137;623;1670;0;0;325;147;586;1638;0;0;381;174;577;1568;0;0;513;211
"K-5059 Orkland";0;0;0;0;0;0;0;0;0;0;0;0;0;0;0;0;0;0;0;0;0;0;0;0;0;0;0;0;0;0;0;0;0;0;0;0;0;0;0;0;0;0;0;0;0;0;0;0;0;0;0;0;0;0;0;0;0;0;0;0;0;0;0;0;0;0;0;0;0;0;0;0;3257;6355;0;0;630;600;3189;6329;0;0;978;723;2881;6045;0;0;1531;876;2628;5717;0;0;1838;1003;2563;5461;0;0;2134;1052;2456;5209;0;0;2793;1141
"K-5060 Nærøysund";2712;1484;0;0;0;0;2654;1645;0;0;0;0;2526;1900;0;0;0;1;2490;2182;0;0;0;1;2431;2403;0;0;0;0;2300;2612;0;0;5;0;2191;2811;0;0;13;0;2086;3043;0;2;21;0;1976;3251;0;1;24;51;1866;3469;0;1;34;87;1761;3579;0;1;50;122;1740;3678;0;0;77;164;1619;3673;0;0;113;251;1557;3718;0;0;231;336;1430;3607;0;0;366;444;1309;3467;0;0;466;496;1273;3347;0;0;587;570;1200;3200;0;0;936;679
"K-5061 Rindal";778;296;0;0;0;0;760;339;0;0;0;0;743;388;0;0;0;0;734;449;0;0;0;0;706;482;0;0;0;0;664;539;0;0;0;0;660;584;0;0;3;0;614;632;0;0;5;0;564;661;0;0;5;13;537;702;0;0;10;17;513;750;0;0;11;24;497;756;0;0;14;34;484;775;0;0;18;49;455;781;0;0;40;59;420;755;0;0;76;68;385;717;0;0;95;72;351;675;0;0;137;83;330;660;0;0;186;95
"K-1804 Bodø";15710;5112;1;1;1;0;15453;5955;0;1;1;0;15151;6927;0;1;4;0;14659;7920;0;1;34;0;14365;8874;0;0;79;3;13758;9709;0;0;159;8;13104;10391;0;0;379;5;12571;10904;0;0;847;6;11569;11344;0;0;1167;433;10921;11722;0;0;1598;702;10262;12022;0;0;2113;877;9860;12064;0;0;2607;1181;9058;12029;1;0;3107;1621;8558;11809;0;0;4011;2165;7797;11163;0;0;5248;2526;7051;10478;0;0;5971;2772;6451;9852;0;0;6837;3005;6080;9198;0;0;8872;3325
"K-1806 Narvik";0;0;0;0;0;0;0;0;0;0;0;0;0;0;0;0;0;0;0;0;0;0;0;0;0;0;0;0;0;0;0;0;0;0;0;0;0;0;0;0;0;0;0;0;0;0;0;0;0;0;0;0;0;0;0;0;0;0;0;0;0;0;0;0;0;0;0;0;0;0;0;0;3787;6584;0;0;878;557;3547;6457;0;0;1295;761;3225;6155;0;0;1836;933;2902;5788;0;0;2308;1016;2680;5439;0;0;2637;1075;2521;5145;0;0;3511;1172
"K-1811 Bindal";400;315;0;1;0;0;386;343;0;1;0;0;368;373;0;0;0;0;346;408;0;0;1;0;336;423;0;0;1;0;307;450;0;0;3;0;293;474;0;0;3;0;277;505;0;0;4;0;262;523;0;0;5;6;248;577;0;0;6;11;227;580;0;0;13;16;216;592;0;0;21;20;194;598;0;0;24;24;185;606;0;0;35;34;178;570;0;0;59;43;165;530;0;0;85;49;158;532;0;0;98;55;161;503;0;0;117;61
"K-1812 Sømna";608;353;0;0;0;0;571;381;0;0;0;0;541;427;0;0;0;0;523;477;0;0;0;0;529;535;0;0;0;0;502;576;0;0;1;1;485;632;0;0;3;1;454;680;0;0;7;1;425;726;0;0;11;21;403;734;0;0;12;30;361;777;0;0;20;35;342;785;0;0;24;44;318;798;0;0;33;51;328;801;0;0;55;78;307;789;0;0;99;89;275;745;0;0;134;104;273;739;0;0;163;120;270;701;0;0;217;125
"K-1813 Brønnøy";2187;1075;0;0;0;0;2142;1218;0;0;1;0;2066;1391;0;0;1;0;2030;1558;0;0;1;0;1981;1745;0;0;1;0;1935;1890;0;0;6;1;1908;2019;0;0;9;0;1905;2116;0;0;19;0;1721;2217;0;0;39;74;1620;2362;0;0;52;110;1561;2436;1;0;77;131;1481;2550;1;0;101;186;1383;2643;1;0;136;240;1316;2640;1;0;218;322;1214;2494;1;1;360;417;1145;2377;0;0;442;482;1064;2256;0;0;529;568;1021;2199;0;0;710;615
"K-1815 Vega";332;166;0;0;0;0;304;188;0;0;0;0;286;199;0;0;0;0;286;218;0;0;0;0;279;243;0;0;0;0;279;253;0;0;0;0;284;260;0;0;3;0;283;285;0;0;4;0;267;295;0;0;6;7;256;313;0;0;6;12;250;339;0;0;12;12;237;365;0;0;17;14;210;398;0;0;21;22;195;395;0;0;27;29;173;400;0;0;38;37;170;387;0;0;49;46;161;372;0;0;66;54;164;366;0;0;94;63
"K-1816 Vevelstad";148;54;0;0;0;0;150;64;0;0;0;0;148;75;0;0;0;0;139;83;0;0;0;0;135;89;0;0;0;0;121;101;0;0;0;0;119;116;0;0;1;0;114;130;0;0;1;0;104;145;0;0;2;3;106;151;0;0;6;5;103;151;0;0;8;6;98;147;0;0;9;6;94;159;0;0;12;9;91;166;0;0;14;11;89;159;0;0;19;13;76;152;0;0;30;16;73;141;0;0;34;18;65;138;0;0;44;18
"K-1818 Herøy (Nordland)";504;137;0;0;0;0;478;155;0;0;0;0;476;182;0;0;0;0;481;221;0;0;0;0;491;263;0;0;0;0;479;308;0;0;0;0;460;348;0;0;0;0;462;353;0;0;1;0;444;401;0;0;1;9;437;448;0;0;2;16;401;459;0;0;8;22;384;491;0;0;14;33;370;495;0;0;20;50;352;527;0;0;45;72;317;517;0;0;62;90;277;520;0;0;78;112;264;508;0;0;92;137;259;498;0;0;113;153
"K-1820 Alstahaug";2290;767;0;0;0;0;2209;954;0;0;0;0;2121;1104;0;0;0;0;2079;1296;0;0;0;0;2009;1406;0;0;1;0;1903;1580;0;0;1;0;1802;1708;0;0;6;0;1723;1856;0;0;25;0;1628;1960;0;0;36;56;1569;2039;0;0;47;82;1473;2111;0;0;72;100;1465;2138;0;0;103;146;1382;2124;0;0;167;203;1282;2117;0;0;282;260;1190;2038;0;0;415;304;1138;1951;0;0;514;346;1056;1869;0;1;651;385;1009;1737;0;1;896;438
"K-1822 Leirfjord";693;253;0;0;0;0;696;305;0;0;0;0;693;353;0;0;0;0;643;414;0;0;0;0;629;467;0;0;0;0;610;555;0;0;2;0;558;610;0;0;8;0;523;658;0;0;20;0;495;698;0;0;30;13;484;749;0;0;46;20;463;774;0;0;62;32;429;808;0;0;70;37;396;806;0;0;95;43;376;803;0;0;132;57;337;774;0;0;195;71;307;760;0;0;227;78;291;736;0;0;272;87;271;717;0;0;352;110
"K-1824 Vefsn";4581;1865;0;0;0;0;4455;2100;0;0;0;0;4288;2357;0;0;0;0;4156;2688;0;0;1;0;4022;2975;0;0;1;0;3833;3269;0;0;8;1;3635;3520;0;0;59;1;3514;3760;0;0;135;1;3306;3929;0;1;167;116;3125;4150;0;0;264;170;2893;4152;0;0;399;215;2709;4198;0;0;489;297;2577;4204;0;0;574;368;2415;4113;0;0;818;492;2222;3926;0;0;1209;579;2009;3738;0;0;1475;677;1900;3539;0;0;1686;754;1811;3362;0;0;2240;908
"K-1825 Grane";473;269;0;0;0;0;446;315;0;0;0;0;440;352;0;0;0;0;401;383;0;0;0;0;371;424;0;0;0;0;356;450;0;0;0;0;340;472;0;0;0;0;338;480;0;0;2;0;310;515;0;0;3;6;301;549;0;0;6;9;279;573;0;0;13;11;269;577;0;0;18;15;251;564;0;0;25;23;243;570;0;0;47;34;218;565;0;0;75;42;194;521;0;0;99;51;181;496;0;0;120;59;177;473;0;0;155;71
"K-1826 Aarborte - Hattfjelldal";432;238;0;0;0;0;438;262;0;0;0;0;422;299;0;0;0;0;406;325;0;0;0;0;394;355;0;0;0;0;371;382;0;0;0;0;359;414;0;0;0;0;348;442;0;0;1;0;342;458;0;0;2;5;320;484;0;0;2;7;290;504;0;0;3;12;267;506;0;0;8;16;241;498;0;0;9;20;235;524;0;0;9;30;211;504;0;0;30;37;188;496;0;0;35;52;181;482;0;0;42;59;173;475;0;0;63;66
"K-1827 Dønna";452;144;0;0;0;0;414;168;0;0;0;0;419;200;0;0;0;0;399;241;0;0;0;0;406;277;0;0;0;0;379;298;0;0;0;0;367;322;0;0;2;0;341;349;0;0;3;1;314;385;0;0;9;9;281;402;0;0;14;12;272;417;0;0;17;21;261;423;0;0;21;25;255;437;0;0;25;37;242;466;0;0;37;46;221;454;0;0;54;58;207;444;0;0;67;71;206;429;0;0;88;84;181;419;0;0;108;99
"K-1828 Nesna";434;192;0;0;0;0;415;226;0;0;0;0;404;260;0;0;0;0;383;309;0;0;0;0;357;380;0;0;0;0;338;406;0;0;0;0;328;423;0;0;1;0;306;449;0;0;2;0;283;473;0;0;4;10;280;515;0;0;6;14;267;537;0;0;11;21;244;544;0;0;11;27;227;559;0;0;18;30;222;571;0;0;31;43;223;577;0;0;61;48;209;545;0;0;79;50;189;534;0;0;105;55;181;509;0;0;144;70
"K-1832 Hemnes";1410;661;1;0;0;0;1389;750;1;0;0;0;1333;862;1;0;0;0;1295;985;0;0;0;0;1266;1111;0;0;0;0;1222;1202;0;0;1;1;1189;1296;0;0;5;0;1128;1378;0;0;4;1;1034;1493;0;0;11;34;976;1550;0;0;32;45;910;1594;0;0;43;58;873;1610;0;0;62;76;808;1657;0;0;79;95;809;1639;0;0;125;120;729;1565;0;0;221;148;682;1553;0;0;285;171;647;1501;0;0;330;196;615;1481;0;0;443;234
"K-1833 Rana - Raane";8203;3467;0;0;0;0;7929;4019;0;0;0;0;7654;4650;0;0;0;0;7414;5276;0;0;1;0;7125;5947;0;0;2;0;6821;6518;0;0;3;2;6455;7070;0;0;18;1;6219;7510;0;0;50;1;5819;7946;0;0;93;172;5586;8320;0;0;130;274;5246;8573;0;0;200;383;5074;8647;0;0;297;528;4826;8594;0;0;443;693;4594;8573;0;0;776;987;4246;8180;0;0;1422;1201;3896;7859;0;0;1826;1373;3677;7528;0;0;2136;1488;3491;7213;0;0;2990;1646
"K-1834 Lurøy";444;150;0;0;0;0;432;184;0;0;0;0;412;222;0;0;0;0;407;248;0;0;0;0;388;291;0;0;0;0;365;316;0;0;0;0;378;343;0;0;0;0;377;363;0;0;1;0;358;395;0;0;1;6;352;431;0;0;1;11;344;433;0;0;5;22;330;453;0;0;10;24;303;485;0;0;13;41;285;483;0;0;27;51;273;479;0;0;46;56;233;441;0;1;69;86;222;439;0;0;92;101;213;427;0;0;120;124
"K-1835 Træna";69;18;0;0;0;0;63;20;0;0;0;0;60;30;0;0;0;0;68;41;0;0;0;0;62;57;0;0;0;0;60;65;0;0;0;0;57;69;0;0;0;0;50;63;0;0;0;0;50;68;0;0;0;1;45;73;0;0;0;3;40;78;0;0;1;3;32;79;0;0;2;4;34;78;0;0;4;6;36;83;0;0;5;12;31;85;0;0;5;16;31;81;0;0;6;23;31;80;0;0;7;25;27;67;0;0;10;33
"K-1836 Rødøy";346;118;0;0;0;0;340;139;0;0;0;0;342;142;0;0;0;0;340;182;0;0;0;0;314;213;0;0;0;0;320;236;0;0;0;0;290;259;0;0;0;0;282;283;0;0;0;0;256;314;0;0;0;4;240;320;0;0;0;8;230;336;0;0;1;11;234;351;0;0;3;13;221;360;0;0;7;19;217;341;0;0;12;27;201;349;0;0;30;28;182;349;0;0;40;33;188;334;0;0;47;51;176;334;0;0;81;52
"K-1837 Meløy";2089;843;0;0;0;0;2041;956;1;0;0;0;1975;1099;1;0;0;0;1881;1250;1;0;0;0;1763;1364;1;0;0;0;1653;1493;1;0;0;0;1572;1616;1;0;1;1;1493;1766;1;0;5;1;1434;1891;0;0;7;25;1318;1999;0;0;11;45;1211;2093;0;0;25;69;1148;2174;0;0;63;98;1090;2205;0;0;98;138;1004;2187;0;0;189;196;920;2039;0;0;329;241;822;1967;0;0;432;293;752;1861;0;0;535;335;729;1765;0;0;746;388
"K-1838 Gildeskål";584;245;0;0;0;0;577;285;0;0;0;0;544;324;0;0;0;0;530;362;0;0;0;0;519;400;0;0;0;0;494;444;0;0;1;0;488;485;0;0;5;0;469;517;0;0;9;0;415;557;0;0;11;5;411;611;0;0;21;12;374;630;0;0;30;14;371;655;0;0;41;21;360;651;0;0;50;35;321;656;0;0;74;54;301;651;0;0;110;58;276;611;0;0;136;74;270;627;0;0;150;83;260;616;0;0;206;100
"K-1839 Beiarn";426;129;0;0;0;0;412;146;0;0;0;0;416;158;0;0;0;0;404;177;0;0;0;0;400;204;0;0;0;0;399;217;0;0;0;0;378;244;0;0;0;0;345;277;0;0;0;0;343;294;0;0;0;2;334;327;0;0;0;5;304;334;0;0;1;8;282;353;0;0;4;12;254;373;0;0;4;19;234;376;0;0;8;26;216;360;0;0;21;36;200;353;0;0;35;43;186;361;0;0;44;55;171;346;0;0;70;59
"K-1840 Saltdal";1775;528;0;0;0;0;1774;591;0;0;0;0;1742;690;0;0;0;0;1686;789;0;0;1;0;1672;874;0;0;0;0;1593;1002;0;0;0;1;1530;1115;0;0;0;0;1448;1221;0;0;4;0;1335;1361;0;0;5;19;1271;1486;0;0;7;35;1143;1554;1;0;9;54;1087;1596;1;0;14;69;1000;1659;0;0;20;94;968;1706;0;0;53;135;899;1651;0;0;129;177;856;1562;0;0;184;211;815;1518;0;0;240;257;787;1501;0;0;339;306
"K-1841 Fauske - Fuossko";3459;1191;0;0;0;0;3319;1371;0;0;0;0;3267;1580;0;0;0;0;3171;1801;0;0;0;0;3073;2020;0;0;0;0;2996;2188;0;0;5;0;2876;2424;0;0;12;0;2765;2659;0;0;46;0;2633;2864;0;0;58;55;2495;3086;0;0;83;102;2302;3247;0;0;113;132;2198;3339;0;0;162;187;2018;3402;0;0;213;279;1945;3452;0;0;308;344;1798;3316;0;0;484;440;1692;3195;0;0;632;488;1630;3079;0;0;766;566;1547;2925;0;0;1028;658
"K-1845 Sørfold - Fuolldá";759;230;0;0;0;0;728;262;0;0;0;0;694;307;0;0;0;0;661;381;0;0;0;0;671;402;0;0;0;0;642;455;0;0;0;0;584;514;0;0;0;0;543;578;0;0;1;0;531;628;0;0;3;1;495;660;0;0;5;7;458;711;0;0;9;13;426;722;0;0;9;22;375;755;0;0;15;30;357;767;0;0;24;46;322;734;0;0;55;61;300;729;0;0;70;76;275;720;0;0;87;86;271;671;0;0;144;106
"K-1848 Steigen";944;244;0;0;0;0;916;294;0;0;0;0;887;335;0;0;0;0;877;402;0;0;0;0;844;460;0;0;0;0;810;528;0;0;0;0;781;552;0;0;0;0;759;630;0;0;4;0;728;685;0;0;5;14;697;718;0;0;7;21;695;785;0;0;15;29;661;828;0;0;24;43;620;831;0;0;34;60;588;859;0;0;50;95;561;846;0;0;83;127;522;817;0;0;112;148;498;811;0;0;148;177;474;806;0;0;224;194
"K-1851 Lødingen";649;286;0;0;0;0;633;333;0;0;0;0;574;390;0;0;0;0;565;415;0;0;0;0;533;462;0;0;0;0;513;520;0;0;1;1;495;543;0;0;1;1;465;608;0;0;5;1;413;637;0;0;7;21;389;632;0;0;7;41;379;634;0;0;10;55;370;638;0;0;14;71;337;631;0;0;16;78;325;637;0;0;29;96;307;596;0;0;65;99;289;595;0;0;99;103;266;578;0;0;117;105;241;537;0;0;170;123
"K-1853 Evenes - Evenássi";434;216;0;0;0;0;422;241;0;0;0;0;402;261;0;0;0;0;387;314;0;0;0;0;366;354;0;0;0;0;336;392;0;0;0;0;314;416;0;0;2;0;328;423;0;0;4;0;311;437;0;0;4;5;297;470;0;0;9;7;293;519;0;0;25;8;286;528;0;0;41;11;259;523;0;0;41;16;250;503;0;0;63;36;240;475;0;0;102;50;222;471;0;0;119;65;202;469;0;0;150;71;204;491;0;0;191;77
"K-1856 Røst";134;37;0;0;0;0;129;44;0;0;0;0;130;43;0;0;0;0;135;53;0;0;0;0;138;52;0;0;0;0;127;58;0;0;0;0;118;67;0;0;1;0;125;68;0;0;2;0;112;79;0;0;2;2;111;88;0;0;2;5;110;89;0;0;5;7;103;98;0;0;8;9;86;88;0;0;13;13;72;84;0;0;19;17;66;82;0;0;26;21;67;81;0;0;31;25;63;74;0;0;36;33;61;78;0;0;50;37
"K-1857 Værøy";203;42;0;0;0;0;178;55;0;0;0;0;184;66;0;0;0;0;187;77;0;0;0;0;191;84;0;0;0;0;179;97;0;0;0;0;163;98;0;0;1;0;159;106;0;0;3;0;152;116;0;0;4;0;145;131;0;0;7;2;133;137;0;0;7;3;130;143;0;0;8;5;117;144;0;0;13;8;122;146;0;0;24;13;109;134;0;0;34;22;104;143;0;0;35;20;107;136;0;0;38;24;104;132;0;0;45;28
"K-1859 Flakstad";387;195;0;0;0;0;364;228;0;0;0;0;358;243;0;0;0;0;343;273;0;0;0;0;325;309;0;0;0;0;312;353;0;0;0;0;297;378;0;0;3;0;276;406;0;0;6;0;277;433;0;0;6;4;250;461;0;0;8;6;234;485;0;0;8;14;232;486;0;0;9;13;198;478;0;0;14;27;202;458;0;0;27;49;201;452;0;0;49;61;178;432;0;0;66;69;165;433;0;0;82;79;144;418;0;0;113;88
"K-1860 Vestvågøy";3314;1316;0;0;0;0;3186;1513;0;0;1;0;3139;1734;0;0;0;0;3024;2002;0;0;0;0;2902;2247;0;0;1;2;2816;2477;0;0;3;3;2751;2756;0;0;6;2;2664;3074;0;0;10;3;2532;3333;0;0;18;65;2474;3588;0;0;59;114;2324;3769;0;0;77;166;2238;3876;0;0;102;251;2067;3921;0;0;143;358;1957;3934;0;0;242;468;1805;3800;0;0;471;611;1680;3617;0;0;614;740;1616;3466;0;0;756;831;1573;3361;0;0;1100;1125
"K-1865 Vågan";2343;1072;0;0;0;0;2241;1269;0;0;0;0;2171;1472;0;0;0;0;2097;1682;0;0;0;0;1988;1907;0;0;1;0;1888;2031;0;0;2;2;1796;2219;0;0;7;1;1723;2434;0;0;11;1;1645;2612;0;0;13;51;1541;2829;0;0;23;105;1490;2901;0;0;39;136;1405;2985;0;0;66;178;1289;3026;0;0;95;241;1244;3069;0;0;183;354;1177;2946;0;0;377;434;1110;2846;0;0;442;492;1089;2790;0;0;566;545;1055;2800;0;0;870;642
"K-1866 Hadsel";2343;999;0;0;0;0;2312;1125;0;0;0;0;2211;1320;0;0;0;0;2115;1506;0;0;0;0;2033;1661;0;0;0;0;1928;1898;0;0;0;1;1795;2055;0;0;9;0;1713;2251;0;0;20;0;1586;2390;0;0;28;71;1520;2534;0;0;53;119;1421;2636;0;0;77;156;1370;2669;0;0;102;197;1272;2737;0;0;158;265;1233;2731;0;0;274;316;1180;2600;0;0;428;377;1110;2520;0;0;542;417;1040;2499;0;0;652;486;1005;2427;0;0;889;534
"K-1867 Bø";896;373;0;0;0;0;852;437;0;0;0;0;788;482;0;0;0;0;762;554;0;0;0;0;734;596;0;0;0;0;700;650;0;0;2;0;690;716;0;0;4;0;649;801;0;0;5;0;596;866;0;0;6;9;576;895;0;0;6;22;557;948;0;0;10;31;516;983;0;0;17;33;489;1015;0;0;41;49;460;1025;0;0;47;72;439;989;0;0;104;84;394;962;0;0;134;104;367;958;0;0;155;113;350;920;0;0;229;144
"K-1868 Øksnes";1323;583;0;0;0;0;1280;680;0;0;0;0;1204;789;0;0;0;0;1167;890;0;0;0;0;1147;991;0;0;1;0;1129;1081;0;0;1;0;1045;1163;0;0;1;1;991;1277;0;0;3;1;917;1370;0;0;6;24;911;1438;0;0;10;48;848;1480;0;0;16;65;821;1507;0;0;31;80;783;1516;0;0;53;97;743;1511;0;0;98;143;706;1485;0;0;168;191;653;1472;0;0;218;226;609;1451;0;0;258;255;610;1362;0;0;392;277
"K-1870 Sortland - Suortá";2940;1479;0;0;0;0;2824;1670;0;0;0;0;2704;1919;0;0;0;0;2611;2192;0;0;2;0;2523;2412;0;0;4;0;2402;2617;0;0;11;1;2301;2854;0;0;27;0;2223;3015;0;0;46;0;2122;3249;0;0;51;64;2023;3453;0;0;69;114;2012;3526;0;0;107;161;1949;3650;0;0;153;204;1819;3691;0;0;243;266;1730;3689;0;0;385;392;1591;3538;0;0;646;482;1466;3329;0;0;829;554;1399;3217;0;0;1001;598;1339;3073;0;0;1464;735
"K-1871 Andøy";1534;800;0;0;0;0;1489;915;0;0;0;0;1419;986;0;0;0;0;1392;1091;0;0;0;0;1324;1165;0;0;0;0;1249;1278;0;0;1;0;1206;1377;0;0;4;0;1159;1475;0;0;5;0;1117;1527;0;0;8;26;1071;1625;0;0;19;52;986;1725;0;0;27;62;933;1761;0;0;41;79;861;1777;0;0;48;122;829;1755;0;0;76;161;738;1697;0;0;178;199;680;1618;0;0;245;230;644;1555;0;0;309;261;620;1457;0;0;441;318
"K-1874 Moskenes";275;132;0;0;0;0;262;152;0;0;0;0;260;180;0;0;0;0;240;201;0;0;0;0;237;235;0;0;0;0;212;253;0;0;0;0;196;243;0;0;3;0;180;259;0;0;2;0;196;277;0;0;3;4;191;281;0;0;4;8;181;288;0;0;4;11;178;296;0;0;4;21;152;297;0;0;5;31;150;295;0;0;13;43;138;287;0;0;30;53;128;264;0;0;33;55;134;269;0;0;35;55;128;245;0;0;52;68
"K-1875 Hábmer - Hamarøy";0;0;0;0;0;0;0;0;0;0;0;0;0;0;0;0;0;0;0;0;0;0;0;0;0;0;0;0;0;0;0;0;0;0;0;0;0;0;0;0;0;0;0;0;0;0;0;0;0;0;0;0;0;0;0;0;0;0;0;0;0;0;0;0;0;0;0;0;0;0;0;0;466;934;0;0;24;71;442;933;0;0;43;99;413;883;0;0;87;121;380;844;0;0;134;152;374;827;0;0;166;183;354;812;0;0;232;206
"K-5501 Tromsø";17912;8678;2;0;1;0;17358;9709;2;0;18;0;16965;10985;2;0;43;0;16489;12150;2;0;53;0;16212;13497;2;0;64;2;15959;14666;2;0;90;11;15381;15661;2;0;144;5;15019;16778;1;0;311;4;14188;17741;1;0;468;674;13671;18425;1;0;675;1120;13191;18790;1;0;884;1612;12753;19042;2;0;1241;1994;11850;18890;2;0;1762;2643;11052;18537;2;0;2853;3521;10026;17291;1;0;4845;3875;9119;15978;0;0;6163;4077;8562;15398;0;0;7185;4290;8140;14701;0;1;9496;4432
"K-5503 Harstad - Hárstták";7421;3131;0;0;0;1;7144;3609;0;0;0;1;6938;4131;0;0;0;1;6776;4665;0;0;6;1;6608;5169;0;0;11;2;6396;5613;0;0;24;3;6182;6161;0;0;53;3;5934;6653;0;0;127;3;5580;7039;0;0;277;176;5337;7322;0;1;351;304;5043;7393;0;1;493;405;4779;7480;0;1;647;510;4502;7543;0;1;832;683;4299;7377;0;1;1202;917;3954;7042;0;0;1812;1071;3586;6608;0;0;2222;1179;3392;6231;0;1;2653;1266;3191;5939;0;1;3502;1403
"K-5510 Kvæfjord";893;426;0;0;0;0;863;485;0;0;0;0;843;538;0;0;0;0;826;598;0;0;0;0;825;666;0;0;0;0;803;702;0;0;1;0;773;757;0;0;1;0;744;845;0;0;10;0;672;869;0;0;24;20;657;926;0;0;28;31;615;934;0;0;43;40;601;954;0;0;56;48;570;962;0;0;70;55;521;995;0;0;115;72;489;969;0;0;179;90;462;920;0;0;216;98;457;909;0;0;265;111;435;880;0;0;323;128
"K-5512 Dielddanuorri - Tjeldsund";1382;793;0;0;0;0;1336;872;0;0;0;0;1276;985;0;0;0;0;1212;1088;0;0;0;0;1155;1200;0;0;0;0;1106;1307;0;0;0;0;1081;1421;0;0;1;0;1033;1532;0;0;11;0;953;1617;0;0;26;24;916;1656;0;0;40;50;848;1673;0;0;65;58;799;1679;0;0;80;73;753;1698;0;0;110;100;709;1725;0;0;169;118;660;1609;0;0;276;147;623;1594;0;0;344;167;561;1543;0;0;396;208;532;1520;0;0;527;227
"K-5514 Ibestad";464;169;0;0;0;0;452;211;0;0;0;0;424;260;0;0;0;0;397;289;0;0;0;0;397;312;0;0;0;0;382;345;0;0;0;0;368;354;0;0;1;0;328;386;0;0;1;0;290;409;0;0;2;7;281;439;0;0;2;14;268;457;0;0;2;22;270;468;0;0;6;28;247;462;0;0;9;38;241;475;0;0;20;48;219;439;0;0;35;56;199;430;0;0;44;68;198;400;0;0;62;85;175;394;0;0;97;109
"K-5516 Gratangen - Rivtták";334;189;0;0;0;0;321;221;0;0;0;0;298;250;0;0;0;0;293;278;0;0;0;0;276;321;0;0;0;0;262;356;0;0;1;0;259;354;0;0;0;0;243;386;0;0;3;0;235;409;0;0;4;8;220;420;0;0;4;11;217;413;0;0;9;11;202;401;0;0;19;16;184;389;0;0;29;20;173;400;0;0;37;21;163;389;0;0;58;37;141;380;0;0;79;39;132;364;0;0;93;49;120;351;0;0;121;47
"K-5518 Loabák - Lavangen";297;179;0;0;0;0;264;215;0;0;0;0;266;238;0;0;0;0;260;261;0;0;0;0;241;279;0;0;0;0;227;300;0;0;0;0;214;341;0;0;0;0;200;357;0;0;4;0;195;384;0;0;6;3;182;399;0;0;7;6;173;411;0;0;10;11;173;419;0;0;11;16;155;425;0;0;13;25;135;417;0;0;17;28;124;407;0;0;29;34;110;382;0;0;36;40;108;379;0;0;55;40;100;367;0;0;96;49
"K-5520 Bardu";1220;663;0;0;0;0;1182;722;0;0;0;0;1155;834;0;0;0;0;1056;907;0;0;0;0;991;959;0;0;0;0;971;1080;0;0;0;0;969;1174;0;0;3;0;968;1255;0;0;5;0;879;1307;0;0;10;48;830;1358;0;0;19;64;802;1390;0;0;35;85;793;1433;0;0;50;98;720;1435;0;0;72;126;698;1437;0;0;126;161;632;1398;0;0;191;171;607;1318;0;0;246;195;580;1278;0;0;290;222;567;1216;0;0;382;249
"K-5522 Salangen";737;362;0;0;0;0;711;409;0;0;0;0;675;450;0;0;0;0;655;480;0;0;0;0;645;519;0;0;0;0;623;571;0;0;0;0;605;619;0;0;1;0;572;675;0;0;1;0;527;737;0;0;4;11;490;774;0;0;8;16;454;804;0;0;11;21;423;852;0;0;14;28;373;837;0;0;19;37;358;835;0;0;44;50;332;790;0;0;101;57;310;758;0;0;133;62;281;723;0;0;156;78;266;730;0;0;216;91
"K-5524 Målselv";2180;1209;0;0;0;0;2085;1327;0;1;0;0;2038;1487;0;0;0;0;1969;1672;0;1;0;0;1867;1856;0;0;0;0;1798;2057;0;0;0;1;1696;2253;0;0;2;0;1606;2478;0;0;6;0;1524;2601;0;0;12;32;1420;2760;0;0;17;52;1321;2865;0;0;36;78;1256;2901;0;0;51;96;1182;2926;0;0;60;122;1159;2969;0;0;127;173;1063;2915;0;0;268;218;1017;2800;1;0;347;272;999;2718;0;0;410;326;956;2648;0;0;588;416
"K-5526 Sørreisa";1162;529;0;0;0;0;1136;602;0;0;0;0;1113;687;0;0;0;0;1044;766;0;0;0;0;1016;856;0;0;1;0;977;980;0;0;2;0;948;1032;0;0;3;0;913;1129;0;0;5;0;886;1239;0;0;10;16;830;1341;0;0;11;31;761;1391;0;0;21;34;724;1423;0;0;26;51;684;1444;0;0;43;77;635;1445;0;0;91;104;571;1389;0;0;171;121;537;1362;0;0;213;136;527;1319;0;0;251;152;501;1295;0;0;355;189
"K-5528 Dyrøy";361;195;0;0;0;0;347;214;0;0;0;0;326;243;0;0;0;0;321;286;0;0;0;0;336;304;0;0;0;0;323;317;0;0;0;0;319;337;0;0;1;0;302;360;0;0;2;0;272;396;0;0;3;6;252;423;0;0;5;8;229;442;0;0;7;10;232;431;0;0;9;14;217;441;0;0;12;19;197;459;0;0;14;28;177;451;0;0;39;30;164;446;0;0;47;34;156;448;0;0;65;34;159;444;0;0;87;37
"K-5530 Senja";4746;2115;0;0;0;0;4591;2388;0;0;0;0;4372;2767;0;0;0;0;4230;3117;0;0;1;0;4134;3504;0;0;3;0;3994;3848;0;0;3;0;3786;4181;0;0;4;1;3662;4590;1;0;17;1;3448;4891;0;0;29;84;3295;5153;0;0;38;160;3102;5349;0;0;73;211;2937;5499;0;0;114;284;2679;5543;0;1;162;396;2564;5551;0;1;298;536;2347;5341;0;1;626;644;2212;5138;0;1;778;772;2133;5020;0;1;952;861;2034;4827;0;1;1381;997
"K-5532 Balsfjord";1677;1045;0;0;0;0;1652;1131;0;0;0;0;1607;1268;0;0;0;0;1529;1407;0;0;0;0;1503;1563;0;0;0;0;1487;1691;0;0;2;1;1492;1830;0;0;9;0;1406;1974;0;0;24;0;1327;2111;0;0;37;17;1242;2207;0;0;46;24;1167;2277;0;0;68;34;1093;2378;0;0;91;47;1022;2386;0;0;108;74;1012;2412;0;0;158;116;924;2305;0;0;282;138;841;2277;0;0;342;159;780;2244;0;0;416;187;774;2191;0;0;534;220
"K-5534 Karlsøy";667;313;0;0;0;0;641;366;0;0;0;0;625;440;0;0;0;0;596;508;0;0;0;0;546;555;0;0;0;0;496;622;0;0;0;0;496;667;0;0;0;0;482;730;0;0;3;0;454;778;0;0;6;3;433;803;0;0;16;11;403;824;0;0;25;14;378;848;0;0;31;25;345;821;0;0;33;39;324;831;0;0;52;51;313;784;0;0;90;60;292;769;0;0;106;81;263;738;0;0;139;98;260;743;0;0;168;122
"K-5536 Lyngen - Ivgu - Yykeä";896;523;0;0;0;0;861;590;0;0;0;0;818;664;0;0;0;0;791;710;0;0;0;0;766;774;0;0;0;0;731;823;0;0;0;0;666;890;0;0;2;0;631;926;0;0;6;0;606;999;0;0;9;11;603;1054;0;0;8;21;562;1115;0;0;13;28;547;1134;0;0;19;38;495;1134;0;0;27;56;472;1139;0;0;40;82;426;1108;0;0;78;102;396;1078;0;0;112;122;382;1032;0;0;137;144;376;1010;0;0;197;156
"K-5538 Storfjord - Omasvuotna - Omasvuono";554;361;0;0;0;0;561;376;0;0;0;0;543;425;0;0;0;0;541;469;0;0;0;0;542;519;0;0;0;0;509;563;0;0;0;0;499;626;0;0;2;0;469;678;0;0;3;1;447;719;0;0;3;8;423;757;0;0;5;15;395;789;0;0;9;19;393;793;0;0;11;30;361;802;0;0;17;38;330;840;0;0;23;52;318;815;0;0;47;62;300;788;0;0;63;72;277;775;0;0;91;72;270;777;0;0;125;87
"K-5540 Gáivuotna - Kåfjord - Kaivuono";728;319;0;0;0;0;698;377;0;0;0;0;668;421;0;0;0;0;640;469;0;0;0;0;611;505;0;0;0;0;579;571;0;0;0;0;552;609;0;0;0;0;499;692;0;0;0;0;469;734;0;0;1;5;461;801;0;0;2;8;438;799;0;0;4;15;436;806;0;0;9;23;404;832;0;0;9;25;384;831;0;0;20;41;351;815;0;0;43;59;328;791;0;0;51;71;315;752;0;0;72;89;292;763;0;0;91;105
"K-5542 Skjervøy";689;362;0;0;0;0;670;410;0;0;0;0;646;457;0;0;0;0;634;503;0;0;0;0;607;574;0;0;0;0;578;622;0;0;0;0;543;694;0;0;1;0;512;746;0;0;3;0;499;781;0;0;5;7;463;846;0;0;7;14;436;880;0;0;10;22;419;918;0;0;15;33;388;916;0;0;20;50;356;909;0;0;34;68;350;844;0;0;57;89;316;787;0;0;93;110;316;741;0;0;131;134;317;723;0;0;181;152
"K-5544 Nordreisa - Ráisa - Raisi";1360;770;0;0;0;0;1320;850;0;0;0;0;1285;964;0;0;1;0;1204;1082;0;0;2;0;1180;1206;0;0;2;0;1134;1342;0;0;0;0;1082;1453;0;0;7;0;1033;1559;0;0;9;0;981;1649;0;0;12;16;930;1735;0;0;21;33;862;1804;0;0;28;59;816;1840;0;0;35;74;762;1885;0;0;46;97;746;1884;0;1;90;133;695;1811;0;0;163;170;639;1736;0;0;236;203;620;1730;0;0;290;224;595;1675;0;0;394;249
"K-5546 Kvænangen";388;221;0;0;0;0;375;247;0;0;1;0;358;272;0;0;1;0;324;326;0;0;1;0;311;346;0;0;0;0;288;357;0;0;0;0;280;382;0;0;0;0;275;398;0;0;0;0;259;425;0;0;0;6;248;447;0;0;0;12;229;466;0;0;0;13;214;486;0;0;2;14;193;468;0;0;3;18;182;488;0;0;7;24;170;469;0;0;19;35;168;463;0;0;36;41;168;461;0;0;46;47;158;458;0;0;76;51
"K-5601 Alta";5600;2919;0;0;0;0;5402;3242;0;0;0;0;5245;3742;0;0;1;1;5133;4115;0;0;3;1;5006;4517;0;0;9;1;4865;4912;0;0;14;2;4643;5315;0;0;26;2;4572;5787;0;0;53;2;4326;6312;0;0;67;137;4135;6670;0;0;105;245;3946;6942;0;0;155;349;3769;7081;0;0;218;490;3578;7229;0;0;334;630;3424;7280;0;0;562;830;3200;7146;0;0;828;1012;2932;6912;0;0;1076;1183;2746;6712;0;0;1304;1305;2692;6577;0;0;1892;1541
"K-5603 Hammerfest - Hámmerfeasta";2773;1488;0;0;0;1;2727;1695;0;0;0;0;2629;1929;0;0;0;0;2496;2184;0;0;2;0;2421;2457;0;0;2;0;2342;2710;0;1;6;2;2240;2953;0;1;9;1;2182;3093;0;1;17;1;1999;3218;0;1;24;67;1859;3301;0;0;26;131;1776;3345;0;0;37;170;1680;3402;0;0;42;231;1556;3417;0;0;64;315;1536;3431;0;0;132;427;1409;3290;0;0;296;541;1296;3135;0;0;428;611;1237;2978;0;0;572;676;1214;2851;0;0;845;767
"K-5605 Sør-Varanger";2922;1348;0;0;0;0;2889;1558;0;0;0;0;2791;1800;0;0;0;0;2722;2013;0;0;0;0;2709;2209;0;0;1;0;2677;2402;0;0;4;0;2610;2578;0;0;9;0;2612;2778;0;0;11;0;2479;2890;0;0;14;93;2421;3032;0;0;21;156;2369;3150;0;0;25;199;2317;3236;0;0;38;253;2182;3290;0;0;73;333;2106;3240;0;0;116;463;1976;3087;0;0;261;598;1850;2962;0;0;393;688;1712;2850;0;0;457;761;1672;2758;0;0;678;952
"K-5607 Vadsø";1555;938;0;0;1;0;1543;1039;0;0;1;0;1482;1187;0;0;1;0;1448;1349;0;0;1;0;1433;1510;0;0;2;0;1361;1641;0;0;3;0;1287;1685;0;0;3;0;1227;1708;0;0;5;1;1154;1788;0;0;7;46;1114;1871;0;0;12;73;1064;1867;0;0;11;100;1043;1873;0;0;19;127;1003;1915;0;0;27;165;977;1904;0;0;62;229;907;1849;0;0;123;281;863;1791;0;0;175;348;798;1674;0;0;217;393;776;1693;0;0;430;586
"K-5610 Kárásjohka - Karasjok";670;534;0;0;0;0;637;584;0;0;0;0;613;616;0;0;0;0;600;684;0;0;0;0;566;725;0;0;0;0;532;757;0;0;0;0;526;804;0;0;0;0;503;851;0;0;0;0;470;890;0;0;2;6;446;942;0;0;2;7;415;982;0;0;1;13;393;1008;0;0;3;27;347;1024;0;0;5;45;333;1004;0;0;16;72;345;936;0;0;49;77;316;922;0;0;62;101;303;871;0;0;75;145;296;858;0;0;108;179
"K-5612 Guovdageaidnu - Kautokeino";890;418;0;0;0;0;881;473;1;0;0;0;847;544;1;0;0;0;814;605;1;0;0;0;775;667;1;0;0;0;735;705;1;0;0;0;674;759;0;0;0;0;666;833;0;0;0;0;614;887;0;0;0;14;582;950;0;0;2;24;546;968;0;0;2;31;518;994;0;0;4;40;490;976;0;0;8;56;473;979;0;0;12;81;460;944;0;0;38;101;429;963;0;0;54;132;396;917;0;0;78;169;395;900;0;0;113;197
"K-5614 Loppa";241;137;0;0;0;0;235;151;0;0;0;0;226;163;0;0;0;0;223;178;0;0;1;0;211;192;0;0;0;0;200;201;0;0;0;0;189;199;0;0;0;0;185;207;0;0;3;0;167;205;0;0;2;7;172;212;0;0;2;12;149;225;0;0;3;16;142;228;0;0;2;20;129;218;0;0;2;23;132;229;0;0;9;30;131;231;0;0;9;37;117;238;0;0;17;42;113;242;0;0;25;39;103;242;0;0;33;56
"K-5616 Hasvik";243;104;0;0;0;0;236;110;0;0;0;0;222;133;0;0;0;0;218;133;0;0;0;0;225;152;0;0;0;0;213;182;0;0;0;0;189;198;0;0;0;0;183;216;0;0;0;0;177;236;0;0;0;6;165;249;0;0;0;6;161;258;0;0;0;14;142;262;0;0;1;18;134;269;0;0;2;23;132;272;0;0;7;30;118;260;0;0;10;31;118;263;0;0;12;42;109;261;0;0;19;51;105;267;0;0;38;61
"K-5618 Måsøy";292;124;0;0;0;0;280;134;0;0;0;0;269;153;0;0;0;0;249;174;0;0;0;0;238;196;0;0;0;0;232;227;0;0;0;0;223;252;0;0;0;0;198;255;0;0;0;0;199;274;0;0;0;4;188;299;0;0;1;7;169;319;0;0;1;9;168;307;0;0;3;14;152;298;0;0;6;23;141;281;0;0;10;40;124;267;0;0;12;44;123;253;0;0;18;55;112;248;0;0;22;64;107;236;0;0;35;82
"K-5620 Nordkapp";710;295;1;0;0;0;676;358;1;0;0;0;653;424;0;0;0;0;647;483;0;0;0;0;603;539;0;0;0;0;599;584;0;0;0;0;580;633;0;0;0;0;568;708;0;0;0;0;523;774;0;0;0;12;484;826;0;0;1;19;462;822;0;0;3;31;446;867;0;0;4;43;392;836;0;0;12;63;380;844;0;0;22;96;345;811;0;0;41;141;337;818;0;0;55;155;306;803;0;0;87;179;306;769;0;0;140;207
"K-5622 Porsanger - Porsángu - Porsanki";1334;589;0;0;0;0;1273;661;0;0;0;0;1227;747;0;0;0;0;1225;839;0;0;0;0;1171;955;0;0;0;1;1142;1015;0;0;0;1;1095;1072;0;0;1;1;1068;1155;0;0;4;1;994;1260;0;0;5;14;959;1318;0;0;11;33;914;1368;0;0;17;58;876;1418;0;0;25;77;831;1443;0;0;31;96;805;1477;0;0;51;136;748;1477;0;0;80;173;698;1431;0;0;107;203;648;1413;0;0;134;220;649;1360;0;0;230;261
"K-5624 Lebesby";278;144;0;0;0;0;271;161;0;0;0;0;265;182;0;0;0;0;248;204;0;0;0;0;239;234;0;0;0;0;243;233;0;0;0;0;244;273;0;0;0;0;226;313;0;0;0;0;206;334;0;0;0;6;198;354;0;0;0;9;196;359;0;0;0;14;194;370;0;0;1;19;182;367;0;0;1;22;176;363;0;0;4;31;163;352;0;0;14;41;155;331;0;0;17;52;144;310;0;0;23;64;132;314;0;0;45;76
"K-5626 Gamvik";228;117;0;0;0;0;220;122;0;0;0;0;212;130;0;0;0;0;225;147;0;0;0;0;226;166;0;0;0;0;211;176;0;0;0;0;206;187;0;0;0;0;208;212;0;0;1;0;204;240;0;0;1;5;211;237;0;0;1;11;196;284;0;0;0;16;178;288;0;0;0;21;166;285;0;0;0;23;160;286;0;0;3;25;143;281;0;0;6;35;146;271;0;0;6;42;130;251;0;0;12;54;125;227;0;0;22;65
"K-5628 Deatnu - Tana";822;549;0;0;0;0;754;623;0;0;0;0;748;702;0;0;0;0;696;763;0;0;1;0;670;836;0;0;3;0;648;887;0;0;2;0;629;953;0;0;3;0;614;1018;0;0;4;0;592;1066;0;0;5;24;560;1149;0;0;6;34;534;1167;0;0;11;46;539;1190;0;0;20;64;489;1188;0;0;27;72;473;1188;0;0;54;94;438;1130;0;0;95;101;404;1112;0;0;115;117;390;1119;0;0;126;128;378;1093;0;0;180;141
"K-5630 Berlevåg";220;120;0;0;0;0;206;149;0;0;0;0;202;154;0;0;0;0;189;174;0;0;0;0;198;186;0;0;0;0;199;200;0;0;0;0;188;200;0;0;0;0;200;203;0;0;0;0;182;215;0;0;1;6;161;226;0;0;1;10;157;241;0;0;1;19;145;257;0;0;2;28;142;249;0;0;3;33;137;250;0;0;5;41;124;236;0;0;15;51;106;237;0;0;17;56;94;216;0;0;20;63;91;208;0;0;35;65
"K-5632 Båtsfjord";505;234;0;0;0;0;490;275;0;0;0;0;465;307;0;0;0;0;447;373;0;0;0;0;451;420;0;0;0;0;435;465;0;0;1;0;421;505;0;0;1;0;397;541;0;0;4;0;385;570;0;0;6;14;348;613;0;0;9;22;332;625;0;0;9;33;323;635;0;0;11;42;300;650;0;0;11;57;288;659;0;0;19;82;280;635;0;0;30;115;274;602;0;0;40;132;236;561;0;0;45;136;235;518;0;0;76;162
"K-5634 Vardø";538;268;0;0;0;0;517;299;0;0;0;0;525;323;0;0;0;0;504;364;0;0;0;0;470;411;0;0;0;0;444;468;0;0;0;0;433;488;0;0;0;0;408;513;0;0;0;0;362;527;0;0;0;10;343;568;0;0;0;16;326;603;0;0;1;24;324;605;0;0;4;33;281;577;0;0;6;48;282;575;0;0;13;57;261;568;0;0;21;78;235;567;0;0;29;94;223;569;0;0;39;105;219;569;0;0;56;115
"K-5636 Unjárga - Nesseby";274;156;0;0;0;0;270;176;0;0;0;0;271;194;0;0;0;0;246;235;0;0;0;0;230;254;0;0;1;0;219;289;0;0;1;0;225;310;0;0;1;0;205;337;0;0;0;0;209;358;0;0;1;5;194;383;0;0;2;14;197;385;0;0;3;16;173;374;0;0;9;16;155;382;0;0;12;20;141;379;0;0;28;26;126;356;0;0;48;31;118;355;0;0;63;37;106;347;0;0;70;40;99;351;0;0;77;51
"K-21-22 Svalbard og Jan Mayen";794;461;0;0;1;0;756;502;0;0;0;0;714;516;0;0;0;0;691;551;0;0;0;0;677;573;0;0;0;0;627;572;0;0;0;0;618;589;0;0;0;0;610;580;0;0;3;0;557;515;0;0;9;12;555;503;0;0;13;15;553;522;0;0;15;24;545;561;0;0;19;33;497;540;0;0;31;41;469;556;0;0;45;49;479;546;0;0;65;66;452;521;0;0;84;73;159;194;0;0;19;33;162;203;0;0;31;39
"K-23 Kontinentalsokkelen";0;0;0;0;0;0;0;0;0;0;0;0;0;0;0;0;0;0;0;0;0;0;0;0;0;0;0;0;0;0;0;0;0;0;0;0;0;0;0;0;0;0;0;0;0;0;0;0;0;0;0;0;0;0;0;0;0;0;0;0;0;0;0;0;0;0;0;0;0;0;0;0;0;0;0;0;0;0;0;0;0;0;0;0;0;0;0;0;0;0;0;0;0;0;0;0;0;0;0;0;0;0;0;0;0;0;0;0
"K-Rest Delte kommuner og uoppgitt";16821;7649;0;0;1;1;16430;8674;0;0;2;1;15960;9842;0;0;6;0;15282;11108;0;0;19;1;14717;12300;0;0;51;2;14055;13439;0;0;139;9;13398;14604;0;0;243;7;12623;15694;0;0;411;7;11695;16631;0;0;544;380;11066;17346;0;0;682;647;10433;17789;0;0;969;919;10050;18116;0;0;1329;1179;0;0;0;0;0;0;0;0;0;0;0;0;0;0;0;0;0;0;0;0;0;0;0;0;4095;3214;0;0;557;342;3773;3009;0;0;570;350
