country_code,year,gdp_cap
AFE,2020,1404.55453762636
AFE,2019,1483.41565936888
AFE,2018,1490.70105690211
AFE,2017,1490.79764777701
AFE,2016,1490.85968760001
AFE,2015,1498.80508358802
AFE,2014,1495.76436190656
AFE,2013,1478.38491893964
AFE,2012,1457.53673624625
AFE,2011,1471.63415425157
AFE,2010,1452.8148924309
AFE,2009,1418.63432683542
AFE,2008,1445.00742212705
AFE,2007,1422.78245875003
AFE,2006,1370.75905920203
AFE,2005,1320.91939479882
AFE,2004,1277.38934088707
AFE,2003,1242.14535287991
AFE,2002,1237.97555874199
AFE,2001,1223.25160445364
AFE,2000,1212.37712300742
AFW,2020,1776.47413406784
AFW,2019,1841.43611582242
AFW,2018,1830.94562280839
AFW,2017,1827.85840573529
AFW,2016,1835.3872285156301
AFW,2015,1882.51880807768
AFW,2014,1880.85879743829
AFW,2013,1824.48479760788
AFW,2012,1766.97203396373
AFW,2011,1727.93727577387
AFW,2010,1694.96924106361
AFW,2009,1629.62265915117
AFW,2008,1576.90683193421
AFW,2007,1525.74042479396
AFW,2006,1486.78372559586
AFW,2005,1450.91766871867
AFW,2004,1409.95582480549
AFW,2003,1342.53375411557
AFW,2002,1307.9760783801
AFW,2001,1223.30635937634
AFW,2000,1195.29087201524
ARB,2020,5879.17698534988
ARB,2019,6324.08975235336
ARB,2018,6348.44634514788
ARB,2017,6315.84749940046
ARB,2016,6350.53133204611
ARB,2015,6258.60722652973
ARB,2014,6184.05219256416
ARB,2013,6176.53352175478
ARB,2012,6163.26806391183
ARB,2011,5996.19731323797
ARB,2010,5915.22328108342
ARB,2009,5781.09249176107
ARB,2008,5909.0899306809
ARB,2007,5749.82289830924
ARB,2006,5649.71746630005
ARB,2005,5456.80288339561
ARB,2004,5294.69054826602
ARB,2003,4969.09601284167
ARB,2002,4841.80990815737
ARB,2001,4916.36652732193
ARB,2000,4943.78370028588
CSS,2020,10749.7671642364
CSS,2019,11898.6645175696
CSS,2018,11902.2579416699
CSS,2017,11726.7791329226
CSS,2016,11593.1842957737
CSS,2015,11629.1207744449
CSS,2014,11643.1511350441
CSS,2013,11534.5908424923
CSS,2012,11618.4235961751
CSS,2011,11435.4956978845
CSS,2010,11312.963416319
CSS,2009,11279.1404660961
CSS,2008,11666.0375611833
CSS,2007,11690.712321223
CSS,2006,11402.8666187316
CSS,2005,10999.8373231165
CSS,2004,10733.610177488301
CSS,2003,10527.4180241417
CSS,2002,10430.6323144868
CSS,2001,10305.7234517976
CSS,2000,10270.308800027
CEB,2020,14399.9831050402
CEB,2019,14877.710568059
CEB,2018,14298.5480218641
CEB,2017,13597.8815401223
CEB,2016,12905.9526304618
CEB,2015,12528.0826430876
CEB,2014,12015.4565911634
CEB,2013,11616.6892973247
CEB,2012,11515.0345377333
CEB,2011,11394.5564252586
CEB,2010,10981.6411387421
CEB,2009,10786.9940966363
CEB,2008,11157.5480217657
CEB,2007,10696.6657653021
CEB,2006,10012.7324168901
CEB,2005,9369.40247525957
CEB,2004,8897.30849677211
CEB,2003,8383.32231320605
CEB,2002,8028.87142198965
CEB,2001,7698.37011267926
CEB,2000,7414.04719516812
EAR,2020,3370.59529700952
EAR,2019,3566.648876978
EAR,2018,3527.04855505727
EAR,2017,3440.6463665264
EAR,2016,3331.74275808839
EAR,2015,3234.22594362502
EAR,2014,3140.73548231197
EAR,2013,3058.81309410548
EAR,2012,2981.41202372022
EAR,2011,2903.57468154538
EAR,2010,2809.83930610717
EAR,2009,2678.89016799073
EAR,2008,2702.72925257712
EAR,2007,2653.39209193505
EAR,2006,2551.19051565433
EAR,2005,2445.35882417908
EAR,2004,2348.40742088284
EAR,2003,2250.00500960126
EAR,2002,2173.0240812867
EAR,2001,2173.20546970509
EAR,2000,2191.16946489366
EAS,2020,11125.2659313953
EAS,2019,11189.0858667486
EAS,2018,10820.1895902044
EAS,2017,10391.8836377641
EAS,2016,9962.27714667915
EAS,2015,9586.05662481986
EAS,2014,9218.64238098832
EAS,2013,8865.87423867322
EAS,2012,8489.72239014259
EAS,2011,8135.86488558548
EAS,2010,7769.61597115339
EAS,2009,7269.6378096616
EAS,2008,7137.71938598154
EAS,2007,6887.67337750927
EAS,2006,6456.11480959098
EAS,2005,6109.89609366852
EAS,2004,5812.7820438477
EAS,2003,5532.54097625604
EAS,2002,5313.81431963569
EAS,2001,5133.93360538339
EAS,2000,5014.5756517202
EAP,2020,8167.21290290955
EAP,2019,8104.87331857854
EAP,2018,7705.28265410491
EAP,2017,7280.60316220126
EAP,2016,6874.96422705733
EAP,2015,6499.96372015715
EAP,2014,6137.79616448821
EAP,2013,5783.14286390453
EAP,2012,5435.01677861334
EAP,2011,5095.33039199036
EAP,2010,4725.89648921829
EAP,2009,4330.44652376911
EAP,2008,4039.72624299136
EAP,2007,3747.2074864294
EAP,2006,3356.66039902448
EAP,2005,3045.67289218163
EAP,2004,2791.78540594541
EAP,2003,2579.42753653639
EAP,2002,2387.82240218724
EAP,2001,2229.4403140075
EAP,2000,2103.5967026137
TEA,2020,8257.94523310723
TEA,2019,8194.96474827063
TEA,2018,7791.04264362603
TEA,2017,7361.80717701258
TEA,2016,6951.88924757388
TEA,2015,6572.88955264077
TEA,2014,6206.83865832967
TEA,2013,5848.41724325759
TEA,2012,5496.6368228094
TEA,2011,5153.38388812225
TEA,2010,4779.96605125164
TEA,2009,4380.16948654923
TEA,2008,4086.27554586469
TEA,2007,3790.53382606246
TEA,2006,3395.60095880219
TEA,2005,3081.1124507484
TEA,2004,2824.34478693859
TEA,2003,2609.55834782873
TEA,2002,2415.80860102405
TEA,2001,2255.68129392227
TEA,2000,2128.44745833416
EMU,2020,34306.7194629125
EMU,2019,36586.0235057689
EMU,2018,36051.2318593564
EMU,2017,35497.8670418134
EMU,2016,34657.5873381218
EMU,2015,34118.3659418664
EMU,2014,33528.4045686132
EMU,2013,33176.4822348209
EMU,2012,33360.086738651
EMU,2011,33718.3760088969
EMU,2010,33077.5392937375
EMU,2009,32451.4343994653
EMU,2008,34101.4220079276
EMU,2007,34121.3471190243
EMU,2006,33293.9052776806
EMU,2005,32398.2810247677
EMU,2004,32022.269493404
EMU,2003,31472.2275785274
EMU,2002,31420.526823045
EMU,2001,31272.4974566067
EMU,2000,30699.9583713665
ECS,2020,22863.9180804506
ECS,2019,24242.0406418536
ECS,2018,23890.7705756439
ECS,2017,23479.2803248158
ECS,2016,22905.1508077141
ECS,2015,22579.1836978638
ECS,2014,22225.680496474
ECS,2013,21906.8363843785
ECS,2012,21821.2110584583
ECS,2011,21826.6654886859
ECS,2010,21378.6970372717
ECS,2009,20906.5942933361
ECS,2008,21969.7643763921
ECS,2007,21837.7137285623
ECS,2006,21135.5650545865
ECS,2005,20411.5043316133
ECS,2004,19940.1639801766
ECS,2003,19380.3240594225
ECS,2002,19087.3042304403
ECS,2001,18823.7720616274
ECS,2000,18432.3453420856
ECA,2020,6995.15572382393
ECA,2019,7021.20685737201
ECA,2018,6926.95089041506
ECA,2017,6748.1820425955
ECA,2016,6430.65951681836
ECA,2015,6312.15034167041
ECA,2014,6148.36415738655
ECA,2013,5998.65866439551
ECA,2012,5675.73804205951
ECA,2011,5497.99637325244
ECA,2010,5111.14548014961
ECA,2009,4819.27250925119
ECA,2008,5032.07122363703
ECA,2007,4917.69469281513
ECA,2006,4612.78297777577
ECA,2005,4285.11718209403
ECA,2004,3971.11780812973
ECA,2003,3640.05624305656
ECA,2002,3429.87168693387
ECA,2001,3237.29486026717
ECA,2000,3254.96939453011
TEC,2020,8743.86757747555
TEC,2019,8898.25888951877
TEC,2018,8705.98998253335
TEC,2017,8431.58380666846
TEC,2016,8121.81305722863
TEC,2015,8014.50415079485
TEC,2014,7937.90933197699
TEC,2013,7796.02802798839
TEC,2012,7578.37751080047
TEC,2011,7358.95939855006
TEC,2010,6981.59155973582
TEC,2009,6701.86788304658
TEC,2008,7057.16868357642
TEC,2007,6773.89858440511
TEC,2006,6298.68725307753
TEC,2005,5847.00160047619
TEC,2004,5487.51485552541
TEC,2003,5090.71177145087
TEC,2002,4795.14303919102
TEC,2001,4562.68835221399
TEC,2000,4443.47320476915
EUU,2020,31126.7025554185
EUU,2019,33015.6514076378
EUU,2018,32456.7454998497
EUU,2017,31855.4897622019
EUU,2016,31022.9930260778
EUU,2015,30487.6523692732
EUU,2014,29864.5423824829
EUU,2013,29467.4617200329
EUU,2012,29563.7436110835
EUU,2011,29816.626760492
EUU,2010,29208.5205574558
EUU,2009,28612.7914108989
EUU,2008,29984.5259646955
EUU,2007,29889.150656824
EUU,2006,29072.0854488963
EUU,2005,28181.6934283464
EUU,2004,27747.6389546647
EUU,2003,27148.099722668
EUU,2002,26999.6899575556
EUU,2001,26764.4527704605
EUU,2000,26229.1193281447
FCS,2020,1705.4220864346
FCS,2019,1862.88631973108
FCS,2018,1857.92935971625
FCS,2017,1848.81635218005
FCS,2016,1843.53636775765
FCS,2015,1845.31230428842
FCS,2014,1867.1631347678
FCS,2013,1871.64761122345
FCS,2012,1852.89295947876
FCS,2011,1798.287755333
FCS,2010,1841.49167620552
FCS,2009,1763.54886293981
FCS,2008,1753.72336514721
FCS,2007,1709.74567613477
FCS,2006,1651.19839893966
FCS,2005,1598.16568091847
FCS,2004,1546.77085308197
FCS,2003,1423.94227792039
FCS,2002,1444.33991053435
FCS,2001,1412.16156679494
FCS,2000,1386.94184313483
HPC,2020,952.31169844329
HPC,2019,976.835707537181
HPC,2018,962.016004235601
HPC,2017,949.936599297873
HPC,2016,931.307494298725
HPC,2015,917.721459685355
HPC,2014,900.969179766319
HPC,2013,875.998736447755
HPC,2012,852.952626018221
HPC,2011,843.832168461802
HPC,2010,830.799695719191
HPC,2009,805.259770246621
HPC,2008,798.67817731102
HPC,2007,777.45803718759
HPC,2006,758.031936393682
HPC,2005,736.954135213725
HPC,2004,718.21871444587
HPC,2003,699.337280128978
HPC,2002,693.480740490455
HPC,2001,687.808166259647
HPC,2000,681.761707762218
,2020,37327.806818298
,2019,38982.2404904257
,2018,38420.0175893816
,2017,37694.6802627023
,2016,36955.7867915663
,2015,36482.9965260467
,2014,35840.9161050687
,2013,35278.017043205
,2012,34908.3503237287
,2011,34578.9530038587
,2010,34025.7968025447
,2009,33204.0761812976
,2008,34591.307074594
,2007,34609.2247329102
,2006,33881.1491893063
,2005,33028.0323916325
,2004,32244.2875420919
,2003,31306.6439321114
,2002,30748.6454518528
,2001,30401.3137373379
,2000,30069.1981941227
IBD,2020,6285.20120048751
IBD,2019,6419.69001259911
IBD,2018,6223.29765160822
IBD,2017,5982.26773417593
IBD,2016,5737.87397619394
IBD,2015,5541.33759395986
IBD,2014,5361.82256593468
IBD,2013,5171.16297251632
IBD,2012,4967.95022908647
IBD,2011,4761.81086772569
IBD,2010,4522.13827416384
IBD,2009,4236.16532941298
IBD,2008,4163.09949011204
IBD,2007,3970.52240731524
IBD,2006,3680.5591708827
IBD,2005,3433.82360112764
IBD,2004,3238.2086487517
IBD,2003,3041.53740939283
IBD,2002,2902.86880443456
IBD,2001,2807.59241183815
IBD,2000,2741.47719094345
IBT,2020,4988.81695826959
IBT,2019,5114.02261987134
IBT,2018,4976.32841838627
IBT,2017,4802.27463674428
IBT,2016,4625.19368225206
IBT,2015,4484.4893837025
IBT,2014,4354.37201187637
IBT,2013,4208.36090388957
IBT,2012,4053.58442947483
IBT,2011,3902.69838889538
IBT,2010,3724.47730541671
IBT,2009,3504.77753012435
IBT,2008,3448.83479705386
IBT,2007,3301.57389636373
IBT,2006,3077.19633653355
IBT,2005,2884.6674984056
IBT,2004,2730.46081114499
IBT,2003,2574.03866301916
IBT,2002,2466.11787622507
IBT,2001,2390.61424640844
IBT,2000,2340.14062590927
IDB,2020,1987.47237934812
IDB,2019,2058.36656067917
IDB,2018,2043.92993170253
IDB,2017,2008.25704497249
IDB,2016,1996.88446051628
IDB,2015,1993.78936181267
IDB,2014,1960.05687201461
IDB,2013,1894.25209009438
IDB,2012,1833.46654631192
IDB,2011,1796.08942964055
IDB,2010,1759.66910208178
IDB,2009,1703.48353013681
IDB,2008,1647.10485749427
IDB,2007,1619.86750764445
IDB,2006,1570.58867555275
IDB,2005,1518.74171158711
IDB,2004,1463.75432651766
IDB,2003,1393.28514451698
IDB,2002,1358.18804170306
IDB,2001,1301.50577310859
IDB,2000,1281.49885685544
IDX,2020,1119.28216322345
IDX,2019,1148.45092270625
IDX,2018,1119.85469475113
IDX,2017,1093.67132057759
IDX,2016,1063.23085093362
IDX,2015,1042.15535457657
IDX,2014,1033.14296002498
IDX,2013,1001.74695552038
IDX,2012,975.081331671488
IDX,2011,973.282700526423
IDX,2010,959.599137825464
IDX,2009,922.410047508344
IDX,2008,904.787441674382
IDX,2007,874.02244803947
IDX,2006,842.306893908778
IDX,2005,811.478930914466
IDX,2004,782.622588845033
IDX,2003,757.335680628315
IDX,2002,740.87999534777
IDX,2001,729.945533017737
IDX,2000,720.257794113129
IDA,2020,1407.17372567453
IDA,2019,1450.69406151116
IDA,2018,1427.40663196563
IDA,2017,1398.64532331866
IDA,2016,1375.27751979526
IDA,2015,1360.96217666755
IDA,2014,1344.10411164562
IDA,2013,1301.35889180348
IDA,2012,1263.34022746507
IDA,2011,1249.63667674061
IDA,2010,1228.06131643334
IDA,2009,1184.08478665498
IDA,2008,1153.13082764224
IDA,2007,1123.45281874219
IDA,2006,1085.85615257237
IDA,2005,1048.10117643329
IDA,2004,1010.5306630095
IDA,2003,970.009894631594
IDA,2002,947.500853797888
IDA,2001,921.054938551752
IDA,2000,907.389782338735
LTE,2020,9732.04179154123
LTE,2019,9745.8201011099
LTE,2018,9355.6834650395
LTE,2017,8922.71621873181
LTE,2016,8526.9804008962
LTE,2015,8212.74329215127
LTE,2014,7894.695909811
LTE,2013,7555.38266424732
LTE,2012,7206.37648884352
LTE,2011,6859.85890493798
LTE,2010,6440.40504492283
LTE,2009,5997.98112408626
LTE,2008,5821.19845477567
LTE,2007,5479.68861159843
LTE,2006,5003.80860399614
LTE,2005,4608.18022752151
LTE,2004,4304.52548164423
LTE,2003,4004.49967607175
LTE,2002,3773.20224211461
LTE,2001,3584.15997162023
LTE,2000,3431.94424125133
LCN,2020,8077.33486222589
LCN,2019,8722.92390071137
LCN,2018,8737.41630311707
LCN,2017,8681.35672766534
LCN,2016,8603.51885715288
LCN,2015,8719.62575346093
LCN,2014,8773.77244157974
LCN,2013,8749.15966166172
LCN,2012,8606.09547393038
LCN,2011,8484.14526628575
LCN,2010,8218.50691032639
LCN,2009,7806.32101801258
LCN,2008,8076.41732136781
LCN,2007,7880.41648929292
LCN,2006,7579.25930280722
LCN,2005,7296.01271819016
LCN,2004,7107.34311974922
LCN,2003,6826.84475252672
LCN,2002,6750.80148303403
LCN,2001,6811.71878174137
LCN,2000,6877.33667200639
LAC,2020,7645.95351649581
LAC,2019,8255.77244738006
LAC,2018,8287.68653877903
LAC,2017,8249.21582144478
LAC,2016,8172.09362245258
LAC,2015,8297.30225777455
LAC,2014,8359.61756956165
LAC,2013,8340.60290965724
LAC,2012,8204.7498180398
LAC,2011,8105.09286008233
LAC,2010,7850.1898939395
LAC,2009,7436.56655905482
LAC,2008,7704.02960324272
LAC,2007,7509.98653689092
LAC,2006,7212.64774137102
LAC,2005,6935.14905739481
LAC,2004,6752.28018794927
LAC,2003,6495.9144812247
LAC,2002,6426.71433976226
LAC,2001,6491.32678297469
LAC,2000,6572.56205671561
TLA,2020,7956.86967775737
TLA,2019,8585.9680078824
TLA,2018,8602.30803224303
TLA,2017,8542.2923366419
TLA,2016,8460.48651883219
TLA,2015,8577.804211342
TLA,2014,8637.5943732378
TLA,2013,8611.05901094312
TLA,2012,8465.32306649736
TLA,2011,8342.20553634205
TLA,2010,8070.45738080931
TLA,2009,7647.08584735838
TLA,2008,7918.26355745543
TLA,2007,7716.00309059769
TLA,2006,7411.72975018314
TLA,2005,7129.66733715737
TLA,2004,6941.07809777743
TLA,2003,6674.86750232029
TLA,2002,6597.48676355831
TLA,2001,6661.51252901181
TLA,2000,6743.28488656863
LDC,2020,1019.96377782068
LDC,2019,1045.54017677212
LDC,2018,1019.736613418
LDC,2017,998.919660555635
LDC,2016,979.666456348502
LDC,2015,968.123889466947
LDC,2014,965.687464874319
LDC,2013,936.794955106995
LDC,2012,908.058722885931
LDC,2011,902.000295921612
LDC,2010,895.335763841982
LDC,2009,863.041207160727
LDC,2008,847.407677643255
LDC,2007,814.655706491288
LDC,2006,777.382394751051
LDC,2005,745.21357597106
LDC,2004,710.879365131735
LDC,2003,684.9222845876
LDC,2002,669.424907222253
LDC,2001,652.386843647855
LDC,2000,637.102897844816
LMY,2020,4716.3989442653
LMY,2019,4829.22127974888
LMY,2018,4696.99350317197
LMY,2017,4530.87953394733
LMY,2016,4357.65260887661
LMY,2015,4214.45758022272
LMY,2014,4077.79672753467
LMY,2013,3930.97054640777
LMY,2012,3774.34076176963
LMY,2011,3628.83449625355
LMY,2010,3458.89519715428
LMY,2009,3242.22154438349
LMY,2008,3161.17813587972
LMY,2007,3025.68145928678
LMY,2006,2818.43857339082
LMY,2005,2641.43071292889
LMY,2004,2496.8827426096
LMY,2003,2353.22407792095
LMY,2002,2256.00751638377
LMY,2001,2186.97781875431
LMY,2000,2143.16866011748
,2020,709.327501805966
,2019,726.831050395544
,2018,717.083496497129
,2017,712.504550146692
,2016,710.308151038639
,2015,714.771564692477
,2014,737.190895501717
,2013,723.864725112534
,2012,718.753056768107
,2011,763.122312562447
,2010,778.822297953018
,2009,748.933317888357
,2008,739.87082036741
,2007,721.391894994531
,2006,700.260182080585
,2005,681.203256468042
,2004,657.80385027988
,2003,637.793272327552
,2002,626.864834878127
,2001,615.961103641316
,2000,606.36180591098
,2020,2036.0840425946
,2019,2141.44257195502
,2018,2087.23959081908
,2017,2008.57549563987
,2016,1933.23433875868
,2015,1856.92603274113
,2014,1780.05749673492
,2013,1704.53918380004
,2012,1639.28693333845
,2011,1584.37617881549
,2010,1537.99092589648
,2009,1463.54690149912
,2008,1404.33558175297
,2007,1365.2171121204
,2006,1299.01564583632
,2005,1235.61288401852
,2004,1178.73776078571
,2003,1121.09691887121
,2002,1078.11012217386
,2001,1051.51931485421
,2000,1027.88004324135
MEA,2020,7060.79457319143
MEA,2019,7461.95208671173
MEA,2018,7489.14121107498
MEA,2017,7454.71180596609
MEA,2016,7441.38350086059
MEA,2015,7266.6592292899
MEA,2014,7221.22300221113
MEA,2013,7169.684319304
MEA,2012,7164.12852636574
MEA,2011,7029.63201475489
MEA,2010,6912.71526395452
MEA,2009,6726.20687717908
MEA,2008,6845.35834082789
MEA,2007,6703.9331595808
MEA,2006,6527.73154703377
MEA,2005,6306.38462115444
MEA,2004,6135.63649421994
MEA,2003,5803.7733617302
MEA,2002,5627.99407200948
MEA,2001,5649.43175556688
MEA,2000,5679.65213184421
MNA,2020,3794.02784792568
MNA,2019,4032.91838473165
MNA,2018,4057.46224086583
MNA,2017,4053.89356294626
MNA,2016,3998.06514643384
MNA,2015,3862.5722046145
MNA,2014,3911.21802454472
MNA,2013,3919.81839727208
MNA,2012,3979.45985648077
MNA,2011,3913.85054613568
MNA,2010,4025.33852979829
MNA,2009,3895.92618848821
MNA,2008,3872.39500131578
MNA,2007,3805.2210431373
MNA,2006,3658.14066111067
MNA,2005,3541.98373512341
MNA,2004,3456.89636708274
MNA,2003,3271.33594486852
MNA,2002,3255.70629632047
MNA,2001,3213.96364879867
MNA,2000,3189.41052564244
TMN,2020,3804.31351337738
TMN,2019,4040.57353949193
TMN,2018,4064.88390551889
TMN,2017,4060.69296245459
TMN,2016,4003.97262335279
TMN,2015,3869.3156107047
TMN,2014,3918.99789924691
TMN,2013,3926.7430156637
TMN,2012,3987.84047956321
TMN,2011,3922.67497847975
TMN,2010,4037.59435593455
TMN,2009,3907.63320810711
TMN,2008,3885.45049355984
TMN,2007,3818.69815182692
TMN,2006,3670.25658929203
TMN,2005,3551.77957618938
TMN,2004,3467.9251727408
TMN,2003,3284.41594747712
TMN,2002,3270.67965439392
TMN,2001,3225.07072439903
TMN,2000,3197.25371490783
MIC,2020,5182.83460438167
MIC,2019,5298.1782058913
MIC,2018,5144.07034222491
MIC,2017,4953.00686548616
MIC,2016,4754.81503933559
MIC,2015,4590.10014047065
MIC,2014,4431.8647645996
MIC,2013,4266.77126465302
MIC,2012,4090.33878776136
MIC,2011,3921.19679992905
MIC,2010,3728.24773620339
MIC,2009,3488.85309892526
MIC,2008,3396.82391880019
MIC,2007,3246.31824563763
MIC,2006,3017.91921819037
MIC,2005,2823.00749739938
MIC,2004,2664.63325362415
MIC,2003,2507.40457537762
MIC,2002,2400.06048470973
MIC,2001,2323.72310254902
MIC,2000,2275.2955884881
NAC,2020,57649.744187862
NAC,2019,59670.4823129085
NAC,2018,58585.1701888331
NAC,2017,57260.5682302589
NAC,2016,56248.671396465
NAC,2015,55701.8124434679
NAC,2014,54606.9502044311
NAC,2013,53655.6616622092
NAC,2012,52919.074831089
NAC,2011,52157.155541141
NAC,2010,51678.9845918561
NAC,2009,50741.6838435715
NAC,2008,52571.2488001165
NAC,2007,52981.8097672717
NAC,2006,52436.1300881625
NAC,2005,51517.4642449549
NAC,2004,50256.2605274302
NAC,2003,48872.8422434126
NAC,2002,47992.6334860527
NAC,2001,47590.2062139785
NAC,2000,47577.9630748228
,2020,NA
,2019,NA
,2018,NA
,2017,NA
,2016,NA
,2015,NA
,2014,NA
,2013,NA
,2012,NA
,2011,NA
,2010,NA
,2009,NA
,2008,NA
,2007,NA
,2006,NA
,2005,NA
,2004,NA
,2003,NA
,2002,NA
,2001,NA
,2000,NA
OED,2020,36291.97948673
OED,2019,37993.0201510682
OED,2018,37519.4585593511
OED,2017,36877.3218945624
OED,2016,36164.4962889282
OED,2015,35733.3440313659
OED,2014,35078.497246047
OED,2013,34551.5789428707
OED,2012,34216.1640674182
OED,2011,33951.9847381524
OED,2010,33497.4085520901
OED,2009,32745.9578402585
OED,2008,34134.8085877725
OED,2007,34264.3847464632
OED,2006,33643.8367588037
OED,2005,32896.8933673817
OED,2004,32226.2811430985
OED,2003,31437.8416243904
OED,2002,31039.7487852805
OED,2001,30800.3591159347
OED,2000,30599.5927185608
OSS,2020,12160.0776827881
OSS,2019,12993.1280622265
OSS,2018,12616.2964741996
OSS,2017,12287.0653578053
OSS,2016,11888.8290253048
OSS,2015,11597.2856104624
OSS,2014,11378.4129447729
OSS,2013,11262.2795815148
OSS,2012,11211.1557759079
OSS,2011,11146.0593574427
OSS,2010,10919.0733013204
OSS,2009,10764.9779338898
OSS,2008,11342.5867553397
OSS,2007,11299.0200770763
OSS,2006,10802.9463941379
OSS,2005,10321.98283376
OSS,2004,9996.6595615376
OSS,2003,9669.14289328758
OSS,2002,9375.18033602819
OSS,2001,9187.20971995514
OSS,2000,9021.15442076976
PSS,2020,3565.22462095987
PSS,2019,4020.69654913742
PSS,2018,4013.34944142035
PSS,2017,3946.25088350527
PSS,2016,3835.1021482901
PSS,2015,3735.49952275424
PSS,2014,3638.55468977471
PSS,2013,3550.02136041836
PSS,2012,3477.47417623402
PSS,2011,3480.96737224658
PSS,2010,3389.22193686856
PSS,2009,3303.58797584404
PSS,2008,3359.63770791634
PSS,2007,3327.10626486425
PSS,2006,3353.1366691735
PSS,2005,3315.62860796872
PSS,2004,3276.86985374335
PSS,2003,3191.28169749284
PSS,2002,3169.83600213903
PSS,2001,3147.38538988122
PSS,2000,3159.1267669477
PST,2020,41596.7737665192
PST,2019,43546.4321112168
PST,2018,42913.4484995818
PST,2017,42118.2547123651
PST,2016,41261.9125091042
PST,2015,40717.0989510663
PST,2014,40009.8047734784
PST,2013,39399.3714766235
PST,2012,38983.6020504195
PST,2011,38660.6602384591
PST,2010,38130.8968652585
PST,2009,37224.4446871981
PST,2008,38728.6170306158
PST,2007,38823.9715069198
PST,2006,38082.799716332
PST,2005,37201.5034498488
PST,2004,36381.5505658011
PST,2003,35431.0728825697
PST,2002,34902.6510863925
PST,2001,34549.0434248625
PST,2000,34190.3112001365
PRE,2020,1425.63907860515
PRE,2019,1503.92767148439
PRE,2018,1496.4625401909
PRE,2017,1499.74398896623
PRE,2016,1517.95219065893
PRE,2015,1524.75727930826
PRE,2014,1518.85702888097
PRE,2013,1487.93715853578
PRE,2012,1448.060257799
PRE,2011,1431.15399514248
PRE,2010,1413.37050040432
PRE,2009,1365.8693260572
PRE,2008,1341.2337615873
PRE,2007,1297.32401965387
PRE,2006,1256.98056399963
PRE,2005,1217.72112044736
PRE,2004,1183.29886442073
PRE,2003,1088.1327857325
PRE,2002,1129.87317013034
PRE,2001,1099.16251853045
PRE,2000,1083.32727146795
SST,2020,10805.8798921572
SST,2019,11644.2935712562
SST,2018,11376.3249875656
SST,2017,11103.8395156948
SST,2016,10783.5266918773
SST,2015,10568.2406997506
SST,2014,10401.117327805
SST,2013,10288.6055151636
SST,2012,10256.5703398248
SST,2011,10182.4829235041
SST,2010,9993.07118975029
SST,2009,9867.95186116531
SST,2008,10342.6632300383
SST,2007,10309.4568129382
SST,2006,9916.24533478378
SST,2005,9506.45335193232
SST,2004,9228.69259521068
SST,2003,8954.42689365029
SST,2002,8731.96802051429
SST,2001,8578.2857173249
SST,2000,8460.36938357543
SAS,2020,1757.51252254822
SAS,2019,1862.63401440969
SAS,2018,1812.81081426728
SAS,2017,1725.06322658121
SAS,2016,1639.43934871163
SAS,2015,1539.5941449215
SAS,2014,1453.10588553898
SAS,2013,1377.52660754336
SAS,2012,1316.92177978441
SAS,2011,1267.33195267052
SAS,2010,1223.85303450255
SAS,2009,1156.70048704808
SAS,2008,1097.43058679754
SAS,2007,1077.93508261881
SAS,2006,1021.24613455648
SAS,2005,964.114061221992
SAS,2004,911.019456798286
SAS,2003,862.059771492602
SAS,2002,819.351896566505
SAS,2001,805.243496766092
SAS,2000,786.618124524234
TSA,2020,1757.51252254822
TSA,2019,1862.63401440969
TSA,2018,1812.81081426728
TSA,2017,1725.06322658121
TSA,2016,1639.43934871163
TSA,2015,1539.5941449215
TSA,2014,1453.10588553898
TSA,2013,1377.52660754336
TSA,2012,1316.92177978441
TSA,2011,1267.33195267052
TSA,2010,1223.85303450255
TSA,2009,1156.70048704808
TSA,2008,1097.43058679754
TSA,2007,1077.93508261881
TSA,2006,1021.24613455648
TSA,2005,964.114061221992
TSA,2004,911.019456798286
TSA,2003,862.059771492602
TSA,2002,819.351896566505
TSA,2001,805.243496766092
TSA,2000,786.618124524234
SSF,2020,1555.15346864771
SSF,2019,1628.43906622736
SSF,2018,1628.56962983334
SSF,2017,1627.39126544127
SSF,2016,1630.4382992226
SSF,2015,1654.27280706483
SSF,2014,1651.86309893244
SSF,2013,1618.69683555758
SSF,2012,1582.99784263045
SSF,2011,1575.50917442522
SSF,2010,1550.89285536517
SSF,2009,1504.04553213811
SSF,2008,1498.37496637659
SSF,2007,1464.23813089245
SSF,2006,1417.58836261727
SSF,2005,1373.46945843857
SSF,2004,1330.95092542185
SSF,2003,1282.47135710735
SSF,2002,1265.80340384445
SSF,2001,1222.44561377175
SSF,2000,1204.56301713878
SSA,2020,1553.82834054124
SSA,2019,1626.88490231094
SSA,2018,1627.06371933062
SSA,2017,1625.92322746926
SSA,2016,1629.03721398284
SSA,2015,1653.00584689775
SSA,2014,1650.67679527017
SSA,2013,1617.52594175074
SSA,2012,1581.80506237737
SSA,2011,1574.32276637219
SSA,2010,1549.79457648388
SSA,2009,1502.96299280178
SSA,2008,1497.22869494946
SSA,2007,1463.01346974292
SSA,2006,1416.43984271906
SSA,2005,1372.39681819667
SSA,2004,1329.94768510031
SSA,2003,1281.39941882408
SSA,2002,1264.62211631306
SSA,2001,1221.23831612487
SSA,2000,1203.28775341687
TSS,2020,1555.15346864771
TSS,2019,1628.43906622736
TSS,2018,1628.56962983334
TSS,2017,1627.39126544127
TSS,2016,1630.4382992226
TSS,2015,1654.27280706483
TSS,2014,1651.86309893244
TSS,2013,1618.69683555758
TSS,2012,1582.99784263045
TSS,2011,1575.50917442522
TSS,2010,1550.89285536517
TSS,2009,1504.04553213811
TSS,2008,1498.37496637659
TSS,2007,1464.23813089245
TSS,2006,1417.58836261727
TSS,2005,1373.46945843857
TSS,2004,1330.95092542185
TSS,2003,1282.47135710735
TSS,2002,1265.80340384445
TSS,2001,1222.44561377175
TSS,2000,1204.56301713878
,2020,8505.60173689307
,2019,8603.36537634335
,2018,8321.04957434134
,2017,7991.62867877697
,2016,7646.77485042046
,2015,7372.17996247398
,2014,7113.1637362769
,2013,6839.23196740705
,2012,6534.04735306072
,2011,6234.30979948999
,2010,5877.99999579937
,2009,5459.14963113973
,2008,5319.08187027891
,2007,5045.61809437657
,2006,4646.70225031071
,2005,4313.44769392189
,2004,4046.9487614232
,2003,3784.64738155402
,2002,3605.98698280865
,2001,3472.62100581871
,2000,3390.4815101368
WLD,2020,10547.7762790817
WLD,2019,10976.6187490865
WLD,2018,10807.8880462087
WLD,2017,10580.0749778103
WLD,2016,10343.8355623003
WLD,2015,10177.8905141454
WLD,2014,9986.63180902358
WLD,2013,9801.78567232563
WLD,2012,9645.93861297943
WLD,2011,9507.9301750771
WLD,2010,9312.79730371419
WLD,2009,9018.30605984078
WLD,2008,9255.41646834204
WLD,2007,9181.55845043506
WLD,2006,8906.12117454476
WLD,2005,8634.46888988612
WLD,2004,8406.78987130906
WLD,2003,8149.71007923104
WLD,2002,8006.21765158847
WLD,2001,7928.80789348847
WLD,2000,7875.17166345442
AFG,2020,529.144909726945
AFG,2019,559.140953983718
AFG,2018,553.973306037506
AFG,2017,563.488236495596
AFG,2016,564.920840615235
AFG,2015,566.881129708434
AFG,2014,576.487817324819
AFG,2013,582.103975873526
AFG,2012,570.676061364151
AFG,2011,527.197336508957
AFG,2010,544.689294061525
AFG,2009,490.272834014231
AFG,2008,418.523170604681
AFG,2007,410.86161038369403
AFG,2006,367.485849348994
AFG,2005,363.541467336977
AFG,2004,338.739396092888
AFG,2003,347.415239227515
AFG,2002,344.224180834998
AFG,2001,285.502193911933
AFG,2000,317.584470493786
ALB,2020,4418.66087378292
ALB,2019,4543.38771048312
ALB,2018,4431.55559506989
ALB,2017,4249.8200493985
ALB,2016,4090.37272829183
ALB,2015,3952.80357364813
ALB,2014,3855.76074409659
ALB,2013,3780.69919254096
ALB,2012,3736.34007957648
ALB,2011,3678.04770145146
ALB,2010,3577.11432498868
ALB,2009,3432.1708719722
ALB,2008,3298.47890843532
ALB,2007,3044.89661682055
ALB,2006,2851.36775919961
ALB,2005,2675.50863709675
ALB,2004,2522.44937446209
ALB,2003,2380.64462078713
ALB,2002,2247.49808010881
ALB,2001,2143.52683947815
ALB,2000,1960.88245974115
DZA,2020,4422.97947188314
DZA,2019,4737.12977369971
DZA,2018,4782.03470679763
DZA,2017,4806.63125479311
DZA,2016,4829.18582949082
DZA,2015,4741.49977033558
DZA,2014,4687.2885753528
DZA,2013,4592.67656993188
DZA,2012,4565.20032665602
DZA,2011,4545.67799799778
DZA,2010,4497.861364832
DZA,2009,4372.37117773506
DZA,2008,4398.81828825629
DZA,2007,4365.50134409673
DZA,2006,4303.73357789544
DZA,2005,4243.15389550051
DZA,2004,4081.05366180396
DZA,2003,3960.6614821006
DZA,2002,3769.6367430891
DZA,2001,3625.07457895912
DZA,2000,3568.25031352992
ASM,2020,14214.6464600557
ASM,2019,13288.3565565116
ASM,2018,13049.3301536176
ASM,2017,12442.8576653719
ASM,2016,13116.4309769201
ASM,2015,13101.5418159165
ASM,2014,12494.9802110307
ASM,2013,12098.2751505435
ASM,2012,12247.6352882148
ASM,2011,12656.6881389142
ASM,2010,12532.3111237111
ASM,2009,12378.1701945665
ASM,2008,12795.0245577508
ASM,2007,13029.6162843735
ASM,2006,12690.5291104991
ASM,2005,13136.4800805944
ASM,2004,13105.1690778892
ASM,2003,12980.7222956862
ASM,2002,12804.4358444426
ASM,2001,NA
ASM,2000,NA
AND,2020,34394.4140397243
AND,2019,39413.790877787
AND,2018,39320.0924463621
AND,2017,39321.6143090537
AND,2016,39886.6400844155
AND,2015,38885.5303222983
AND,2014,38402.6492611904
AND,2013,37597.7053313215
AND,2012,39174.8972867328
AND,2011,41486.1994746048
AND,2010,40937.2740669219
AND,2009,40442.7851067907
AND,2008,41470.4379328172
AND,2007,42724.5671994464
AND,2006,40994.4476088348
AND,2005,39307.1408551822
AND,2004,38696.4946069776
AND,2003,37250.295189537
AND,2002,35749.9289119891
AND,2001,35722.5288901566
AND,2000,33901.1769735096
AGO,2020,2435.02485427339
AGO,2019,2666.25391548367
AGO,2018,2777.84304168235
AGO,2017,2914.12713925236
AGO,2016,3023.91631900009
AGO,2015,3217.33924005417
AGO,2014,3304.68114752866
AGO,2013,3270.96634497214
AGO,2012,3235.17460430041
AGO,2011,3094.73391488944
AGO,2010,3105.44965509745
AGO,2009,3087.81142958911
AGO,2008,3176.67216178097
AGO,2007,2964.33544957422
AGO,2006,2696.44109550935
AGO,2005,2505.65502911723
AGO,2004,2257.15235995983
AGO,2003,2106.98586428642
AGO,2002,2116.85167905643
AGO,2001,1925.50803001238
AGO,2000,1909.5020620136
ATG,2020,14803.7695057464
ATG,2019,18357.6788222183
ATG,2018,17901.0409130559
ATG,2017,16830.3962602848
ATG,2016,16526.4361374728
ATG,2015,15985.5411386971
ATG,2014,15882.3092572073
ATG,2013,15668.4355109479
ATG,2012,15911.0962823771
ATG,2011,15559.6619731223
ATG,2010,16062.015811277
ATG,2009,17667.848771473
ATG,2008,20377.9377692928
ATG,2007,20687.6871294913
ATG,2006,19187.0307909482
ATG,2005,17242.3482864659
ATG,2004,16384.3344482436
ATG,2003,15662.8336503037
ATG,2002,14933.8695653725
ATG,2001,14972.0975277549
ATG,2000,15927.908388284999
ARG,2020,11346.6521128461
ARG,2019,12716.2242038544
ARG,2018,13105.397163317
ARG,2017,13595.0373551081
ARG,2016,13360.2118345982
ARG,2015,13789.060424772
ARG,2014,13567.9484159809
ARG,2013,14071.5086831557
ARG,2012,13895.6337072986
ARG,2011,14200.2698890608
ARG,2010,13551.3391940229
ARG,2009,12336.8619385237
ARG,2008,13246.6348917152
ARG,2007,12857.0925770961
ARG,2006,11913.9585322637
ARG,2005,11141.3106718375
ARG,2004,10341.6434058805
ARG,2003,9581.96979219468
ARG,2002,8895.31964210751
ARG,2001,10090.6534434286
ARG,2000,10672.7220353121
ARM,2020,4256.13122785453
ARM,2019,4561.96779894751
ARM,2018,4215.89939440524
ARM,2017,3985.91669835177
ARM,2016,3689.83008213399
ARM,2015,3666.14182210905
ARM,2014,3538.52939227858
ARM,2013,3402.08385452333
ARM,2012,3278.67044811176
ARM,2011,3043.26278613609
ARM,2010,2889.56622817115
ARM,2009,2810.1928405123
ARM,2008,3250.49861101145
ARM,2007,3019.46556064022
ARM,2006,2636.256648197
ARM,2005,2312.98286133538
ARM,2004,2018.4601408702
ARM,2003,1815.78822447999
ARM,2002,1582.05762167092
ARM,2001,1385.04479407791
ARM,2000,1249.61212926568
ABW,2020,23015.7420450767
ABW,2019,30317.6073875484
ABW,2018,31172.8025129725
ABW,2017,30598.6490228535
ABW,2016,28737.8964851926
ABW,2015,28419.2645344661
ABW,2014,28780.6308574466
ABW,2013,29447.5799994559
ABW,2012,27876.2063962026
ABW,2011,28398.5575774698
ABW,2010,27732.2139052929
ABW,2009,28836.0174766105
ABW,2008,33053.7675856288
ABW,2007,32863.3627835216
ABW,2006,32272.2511892054
ABW,2005,32291.7695371212
ABW,2004,32742.76074691
ABW,2003,30793.1349648149
ABW,2002,30760.2075543168
ABW,2001,31426.8787422126
ABW,2000,30703.6611910797
AUS,2020,58082.4265799182
AUS,2019,59000.7354442453
AUS,2018,58600.7903562771
AUS,2017,57804.0509065758
AUS,2016,57432.1802853452
AUS,2015,56758.8692027821
AUS,2014,56341.1341492724
AUS,2013,55734.5743411489
AUS,2012,55261.9183780127
AUS,2011,54114.7261907858
AUS,2010,53581.1585830189
AUS,2009,53235.9235822531
AUS,2008,53335.0057039403
AUS,2007,52530.7018930125
AUS,2006,51552.8938296061
AUS,2005,50852.1612015639
AUS,2004,49901.0152957826
AUS,2003,48393.1367217128
AUS,2002,47485.3410904497
AUS,2001,46190.3812078014
AUS,2000,45858.5800928021
AUT,2020,43343.9718951136
AUT,2019,46616.3591743242
AUT,2018,46154.6250956541
AUT,2017,45281.723399938
AUT,2016,44590.2516278164
AUT,2015,44195.8175947748
AUT,2014,44245.1687398338
AUT,2013,44299.3781845446
AUT,2012,44549.881698231
AUT,2011,44451.0001918473
AUT,2010,43334.5089644691
AUT,2009,42655.1921304813
AUT,2008,44440.055889928
AUT,2007,43937.7128905744
AUT,2006,42496.3510516831
AUT,2005,41281.2707559522
AUT,2004,40651.2266155811
AUT,2003,39815.2219533064
AUT,2002,39636.4826114521
AUT,2001,39184.8085972636
AUT,2000,38842.8905195831
AZE,2020,5083.56025445721
AZE,2019,5348.45318851823
AZE,2018,5262.36870473368
AZE,2017,5229.7098898586
AZE,2016,5270.738165712
AZE,2015,5500.50364628486
AZE,2014,5506.18169600319
AZE,2013,5426.09594155961
AZE,2012,5194.92091665083
AZE,2011,5152.83850244744
AZE,2010,5215.20415429496
AZE,2009,5023.9672905028
AZE,2008,4693.07707968116
AZE,2007,4327.11360468848
AZE,2006,3501.16482500603
AZE,2005,2631.85145279408
AZE,2004,2077.88527047339
AZE,2003,1918.61103696953
AZE,2002,1754.13524132991
AZE,2001,1614.84885813475
AZE,2000,1480.80869072436
BHS,2020,23256.116064165
BHS,2019,29736.7942241419
BHS,2018,30344.799600125
BHS,2017,29781.065814052
BHS,2016,29192.7464530018
BHS,2015,29722.4068429349
BHS,2014,29698.7583170363
BHS,2013,29423.3036228047
BHS,2012,30575.1613209681
BHS,2011,30008.1161367305
BHS,2010,30199.018786998
BHS,2009,30162.8049495364
BHS,2008,31933.654828226
BHS,2007,33162.1615766035
BHS,2006,33153.0893732904
BHS,2005,32791.1312740782
BHS,2004,32149.9340647491
BHS,2003,32301.7272153067
BHS,2002,33155.1520338221
BHS,2001,32710.503480163
BHS,2000,32325.792211501
BHR,2020,22550.9526363305
BHR,2019,23384.7592873445
BHR,2018,22994.1520744625
BHR,2017,22950.2121414159
BHR,2016,22847.346035373
BHR,2015,22850.6653959938
BHR,2014,23078.8821452468
BHR,2013,22983.753735606
BHR,2012,22456.564355393
BHR,2011,21879.1833415252
BHR,2010,21425.9294387865
BHR,2009,21131.1726696794
BHR,2008,21890.4278115558
BHR,2007,21986.0606893547
BHR,2006,21756.44307693
BHR,2005,21999.6165028439
BHR,2004,22297.6128596465
BHR,2003,22320.785401588
BHR,2002,21838.53734983
BHR,2001,21653.7492127172
BHR,2000,21686.2180612866
BGD,2020,1593.90308825469
BGD,2019,1558.50779749774
BGD,2018,1460.81351644884
BGD,2017,1377.08356162655
BGD,2016,1308.18840641163
BGD,2015,1236.4354555046
BGD,2014,1174.30240138137
BGD,2013,1121.07617942151
BGD,2012,1070.9685396209
BGD,2011,1017.98263393552
BGD,2010,967.898522807535
BGD,2009,927.34138936237
BGD,2008,890.606662702575
BGD,2007,847.577442326419
BGD,2006,800.060402798478
BGD,2005,759.154640105719
BGD,2004,723.480067999051
BGD,2003,698.975772118855
BGD,2002,679.104267562964
BGD,2001,666.300049997793
BGD,2000,646.263072570149
BRB,2020,15163.667205885
BRB,2019,17369.5099699378
BRB,2018,17334.2131377485
BRB,2017,17495.900406199
BRB,2016,17439.9080463518
BRB,2015,17040.4176091311
BRB,2014,16672.519171747
BRB,2013,16720.0824564102
BRB,2012,16983.6081135172
BRB,2011,17069.9640475543
BRB,2010,17251.3698330567
BRB,2009,17701.9155868721
BRB,2008,18716.0072324521
BRB,2007,18679.7971930775
BRB,2006,18368.2751182448
BRB,2005,17377.9565573781
BRB,2004,16777.2485758421
BRB,2003,16605.9346629873
BRB,2002,16316.046096518
BRB,2001,16254.3373423781
BRB,2000,16693.4345271238
BLR,2020,6252.00881913912
BLR,2019,6267.76513932041
BLR,2018,6165.95788671048
BLR,2017,5964.91436287762
BLR,2016,5811.25053972855
BLR,2015,5967.06856034227
BLR,2014,6212.93577948099
BLR,2013,6110.9378011916
BLR,2012,6047.90392508586
BLR,2011,5938.25288220092
BLR,2010,5621.96765833161
BLR,2009,5203.88310280701
BLR,2008,5180.74043814711
BLR,2007,4685.00569510858
BLR,2006,4294.25195442984
BLR,2005,3880.03540993424
BLR,2004,3522.50895051924
BLR,2003,3139.138008459
BLR,2002,2912.1391533393
BLR,2001,2754.67940755159
BLR,2000,2616.92718207462
BEL,2020,40636.8066159524
BEL,2019,43098.4750626966
BEL,2018,42382.3182763247
BEL,2017,41825.7628316432
BEL,2016,41318.0196388476
BEL,2015,41008.296719472
BEL,2014,40421.4207919096
BEL,2013,39970.3174974794
BEL,2012,39975.5736402458
BEL,2011,39929.0951439359
BEL,2010,39777.9252767366
BEL,2009,39025.2207908291
BEL,2008,40151.8498740394
BEL,2007,40290.2277563956
BEL,2006,39147.7635597291
BEL,2005,38426.0519083731
BEL,2004,37761.2813189981
BEL,2003,36617.3803840227
BEL,2002,36393.2417665704
BEL,2001,35943.2379602838
BEL,2000,35674.7912530713
BLZ,2020,4957.94386791141
BLZ,2019,5833.17356188628
BLZ,2018,5699.06280152249
BLZ,2017,5750.50356874356
BLZ,2016,5974.37916958583
BLZ,2015,6098.60007958976
BLZ,2014,6034.40219556644
BLZ,2013,5930.7323907739
BLZ,2012,5807.26305278482
BLZ,2011,5729.99205705659
BLZ,2010,5879.73330072552
BLZ,2009,5954.4055819312
BLZ,2008,6147.69092738349
BLZ,2007,6422.30432705668
BLZ,2006,6399.14591076674
BLZ,2005,6305.35056027776
BLZ,2004,6355.39959263598
BLZ,2003,6252.22071808097
BLZ,2002,5879.60420677488
BLZ,2001,5755.75700733671
BLZ,2000,5657.45668410412
BEN,2020,1164.70896655031
BEN,2019,1153.72620994687
BEN,2018,1111.22724744153
BEN,2017,1072.36203196965
BEN,2016,1045.15093654506
BEN,2015,1041.65252312918
BEN,2014,1054.10876657886
BEN,2013,1020.52823402077
BEN,2012,980.074613183631
BEN,2011,962.744589671191
BEN,2010,962.816109497413
BEN,2009,970.96596890556
BEN,2008,977.303163152452
BEN,2007,959.554993438235
BEN,2006,931.769140852323
BEN,2005,924.269524057926
BEN,2004,938.038178082492
BEN,2003,925.849261110125
BEN,2002,922.417638712749
BEN,2001,908.34770296719
BEN,2000,888.7301846043
BMU,2020,99739.9798806056
BMU,2019,107036.239271085
BMU,2018,106697.737486296
BMU,2017,107237.031768386
BMU,2016,102407.394383438
BMU,2015,102005.62564189
BMU,2014,101374.469787793
BMU,2013,105492.480708055
BMU,2012,106119.795030798
BMU,2011,112471.34754245
BMU,2010,115839.79601113
BMU,2009,117886.737990193
BMU,2008,125610.033442692
BMU,2007,128757.880688002
BMU,2006,125294.959387025
BMU,2005,119396.449407765
BMU,2004,118193.148720988
BMU,2003,116268.816861242
BMU,2002,113172.120633639
BMU,2001,115619.474683728
BMU,2000,109001.586029756
BTN,2020,3075.88556526741
BTN,2019,3448.4941900809
BTN,2018,3283.77566749485
BTN,2017,3197.74374711881
BTN,2016,3115.58791206085
BTN,2015,2899.22829354394
BTN,2014,2746.08685416106
BTN,2013,2624.17568021008
BTN,2012,2609.08482130198
BTN,2011,2509.77972510178
BTN,2010,2342.93755177711
BTN,2009,2116.69740524132
BTN,2008,1988.59198113103
BTN,2007,1925.09446652876
BTN,2006,1678.64020798494
BTN,2005,1612.81173557504
BTN,2004,1539.15098233137
BTN,2003,1499.10057893683
BTN,2002,1425.80580414108
BTN,2001,1324.82230414947
BTN,2000,1268.05376209986
BOL,2020,2920.19744733394
BOL,2019,3242.94884532224
BOL,2018,3219.20089192093
BOL,2017,3135.031645714
BOL,2016,3054.89254761291
BOL,2015,2975.64881143063
BOL,2014,2882.80689613638
BOL,2013,2777.72053240937
BOL,2012,2643.6908163643
BOL,2011,2556.83026947588
BOL,2010,2471.47363280645
BOL,2009,2414.12994536401
BOL,2008,2376.0780894158
BOL,2007,2277.50382618283
BOL,2006,2216.54470883828
BOL,2005,2152.36196979617
BOL,2004,2097.25835323189
BOL,2003,2048.55981761044
BOL,2002,2029.61794375322
BOL,2001,2015.37747944243
BOL,2000,2017.39460861999
BIH,2020,5459.21962930891
BIH,2019,5558.08143990697
BIH,2018,5339.47706826984
BIH,2017,5082.997253877
BIH,2016,4865.35129060464
BIH,2015,4654.60862038896
BIH,2014,4403.67391492671
BIH,2013,4297.49349638782
BIH,2012,4133.9027239173
BIH,2011,4091.58188509905
BIH,2010,3980.44230694868
BIH,2009,3878.44046719839
BIH,2008,3932.01532284236
BIH,2007,3669.01679463491
BIH,2006,3423.12398437087
BIH,2005,3218.59420346468
BIH,2004,3061.5514269136
BIH,2003,2851.27355293672
BIH,2002,2735.53528891356
BIH,2001,2606.75038802225
BIH,2000,2554.56412722302
BWA,2020,5810.89847606742
BWA,2019,6485.56819794359
BWA,2018,6418.70635422259
BWA,2017,6287.83474936723
BWA,2016,6166.23992710298
BWA,2015,5869.73757890628
BWA,2014,6291.27181141172
BWA,2013,6067.99843683077
BWA,2012,5566.68178544504
BWA,2011,5684.35789175524
BWA,2010,5428.29615842458
BWA,2009,5031.98361361697
BWA,2008,5982.66196430474
BWA,2007,5913.06993071736
BWA,2006,5700.21985600028
BWA,2005,5360.01917590494
BWA,2004,5219.41450446759
BWA,2003,5171.54125291768
BWA,2002,5030.2652160805
BWA,2001,4831.78376206822
BWA,2000,4917.23208888654
BRA,2020,8255.56801342826
BRA,2019,8592.21120694388
BRA,2018,8553.86590205122
BRA,2017,8470.94060378721
BRA,2016,8426.84322068885
BRA,2015,8783.2154236384
BRA,2014,9183.4597265639
BRA,2013,9216.13227969168
BRA,2012,9025.31399621852
BRA,2011,8935.27731401951
BRA,2010,8673.89838344205
BRA,2009,8142.76104834465
BRA,2008,8231.10037274506
BRA,2007,7909.82524736396
BRA,2006,7534.54250017952
BRA,2005,7325.90355034829
BRA,2004,7178.34748516711
BRA,2003,6865.17325047655
BRA,2002,6868.69590695211
BRA,2001,6749.88160346537
BRA,2000,6745.85777056386
VGB,2020,NA
VGB,2019,NA
VGB,2018,NA
VGB,2017,NA
VGB,2016,NA
VGB,2015,NA
VGB,2014,NA
VGB,2013,NA
VGB,2012,NA
VGB,2011,NA
VGB,2010,NA
VGB,2009,NA
VGB,2008,NA
VGB,2007,NA
VGB,2006,NA
VGB,2005,NA
VGB,2004,NA
VGB,2003,NA
VGB,2002,NA
VGB,2001,NA
VGB,2000,NA
BRN,2020,30401.843825384
BRN,2019,30313.4138627573
BRN,2018,29437.8651779688
BRN,2017,29695.8808249919
BRN,2016,29601.0965040494
BRN,2015,30681.4339698653
BRN,2014,31155.7441054529
BRN,2013,32341.8890079242
BRN,2012,33456.2652923041
BRN,2011,33577.060427373
BRN,2010,32810.5036446723
BRN,2009,32449.8303270739
BRN,2008,33526.0026376697
BRN,2007,34714.5402186574
BRN,2006,35213.2184254304
BRN,2005,34290.1107712521
BRN,2004,34750.5736293603
BRN,2003,35202.7890912753
BRN,2002,34857.3931964509
BRN,2001,34219.3105953449
BRN,2000,33985.8154780123
BGR,2020,7958.82683957222
BGR,2019,8237.92678290482
BGR,2018,7862.86182980047
BGR,2017,7601.43847400596
BGR,2016,7344.44350277757
BGR,2015,7078.86032298969
BGR,2014,6802.71032404882
BGR,2013,6700.53598752466
BGR,2012,6699.50300142444
BGR,2011,6611.30384465112
BGR,2010,6434.55243121679
BGR,2009,6294.43339163401
BGR,2008,6470.5897344519
BGR,2007,6054.23248486193
BGR,2006,5634.91120941322
BGR,2005,5236.08637234369
BGR,2004,4854.27338684105
BGR,2003,4523.28622301352
BGR,2002,4264.27170075693
BGR,2001,3941.27569082129
BGR,2000,3721.30349088753
BFA,2020,712.38495007516
BFA,2019,717.374533770247
BFA,2018,696.044570830807
BFA,2017,671.251796273706
BFA,2016,650.417260900551
BFA,2015,632.12668582235
BFA,2014,626.626250796789
BFA,2013,618.804583232191
BFA,2012,602.786758836388
BFA,2011,583.679477111581
BFA,2010,563.926776717482
BFA,2009,535.516834528107
BFA,2008,535.583644683452
BFA,2007,521.345259206121
BFA,2006,516.176767669085
BFA,2005,501.207250155342
BFA,2004,476.009980870819
BFA,2003,470.129582544017
BFA,2002,449.853931204666
BFA,2001,444.549754885185
BFA,2000,429.847372221369
BDI,2020,263.360988694576
BDI,2019,270.137277399698
BDI,2018,274.131908470855
BDI,2017,277.959803051524
BDI,2016,282.975966580511
BDI,2015,289.359627206129
BDI,2014,307.765531301255
BDI,2013,305.29083523866
BDI,2012,301.481319294821
BDI,2011,299.017175665192
BDI,2010,297.79172709311
BDI,2009,296.847094871617
BDI,2008,300.841349240995
BDI,2007,298.936660421865
BDI,2006,299.769120820711
BDI,2005,294.738773386661
BDI,2004,303.119670015727
BDI,2003,300.086152973384
BDI,2002,313.486405879893
BDI,2001,308.645199045727
BDI,2000,310.006710937075
CPV,2020,2876.15342838428
CPV,2019,3667.0573646025
CPV,2018,3463.81281889513
CPV,2017,3376.93828299
CPV,2016,3267.87901544887
CPV,2015,3169.07890082563
CPV,2014,3174.70531655831
CPV,2013,3188.56967655225
CPV,2012,3204.60188290062
CPV,2011,3208.36712575247
CPV,2010,3124.57209013277
CPV,2009,3101.39384055614
CPV,2008,3181.45081827626
CPV,2007,3005.22940770099
CPV,2006,2639.96271680401
CPV,2005,2474.82485473499
CPV,2004,2344.51878131302
CPV,2003,2156.34792254415
CPV,2002,2099.90015072115
CPV,2001,2026.27915512892
CPV,2000,2015.38136368472
KHM,2020,1404.19865499773
KHM,2019,1465.96953537797
KHM,2018,1384.96802283531
KHM,2017,1304.54938902362
KHM,2016,1235.32340394445
KHM,2015,1170.74281578643
KHM,2014,1109.37565271596
KHM,2013,1049.99450648558
KHM,2012,992.134600385451
KHM,2011,938.017677086302
KHM,2010,888.912588294344
KHM,2009,851.20302427767
KHM,2008,863.386974770884
KHM,2007,822.754086669665
KHM,2006,759.643394958567
KHM,2005,697.746758228193
KHM,2004,627.008213372007
KHM,2003,578.409355451304
KHM,2002,542.654742969097
KHM,2001,518.384291911326
KHM,2000,488.002702303225
CMR,2020,1419.32820837781
CMR,2019,1454.56406902089
CMR,2018,1445.26777135975
CMR,2017,1429.23468505978
CMR,2016,1420.02987202676
CMR,2015,1399.67533596114
CMR,2014,1366.9665946418
CMR,2013,1332.86000418986
CMR,2012,1305.66803326031
CMR,2011,1283.56704129709
CMR,2010,1277.26569342146
CMR,2009,1277.18161924691
CMR,2008,1281.01983712805
CMR,2007,1281.39248465146
CMR,2006,1262.87190623645
CMR,2005,1250.05888282553
CMR,2004,1256.69364977555
CMR,2003,1206.61051205391
CMR,2002,1175.87167375962
CMR,2001,1156.05039084412
CMR,2000,1137.62452694395
CAN,2020,42366.1285192527
CAN,2019,45100.2914903262
CAN,2018,44907.3436837248
CAN,2017,44339.3886692751
CAN,2016,43551.3426018259
CAN,2015,43594.1941045394
CAN,2014,43643.2356474848
CAN,2013,42851.1705330235
CAN,2012,42320.6431282192
CAN,2011,42043.6419607016
CAN,2010,41164.3399062659
CAN,2009,40376.4153677037
CAN,2008,42067.5686998623
CAN,2007,42106.8724267286
CAN,2006,41663.5123054377
CAN,2005,41006.222931999
CAN,2004,40108.758738975
CAN,2003,39270.0234544073
CAN,2002,38921.6672955178
CAN,2001,38200.4561131358
CAN,2000,37906.8601153293
CYM,2020,76733.5560519709
CYM,2019,82170.5930267913
CYM,2018,80597.7086377604
CYM,2017,78883.2820823737
CYM,2016,78077.4336532717
CYM,2015,77295.8456647776
CYM,2014,76872.5809178913
CYM,2013,76617.5433740014
CYM,2012,77448.5098255613
CYM,2011,78393.736284355
CYM,2010,79519.843769806
CYM,2009,84026.9727715813
CYM,2008,93166.3167746731
CYM,2007,96280.2483371848
CYM,2006,96176.301897316
CYM,2005,NA
CYM,2004,NA
CYM,2003,NA
CYM,2002,NA
CYM,2001,NA
CYM,2000,NA
CAF,2020,375.216924073281
CAF,2019,381.414046354948
CAF,2018,378.263077805926
CAF,2017,371.603131036313
CAF,2016,362.218331167884
CAF,2015,351.879754769554
CAF,2014,338.700384843051
CAF,2013,338.165705774485
CAF,2012,534.883562611355
CAF,2011,513.594266750323
CAF,2010,500.529277355033
CAF,2009,488.388025038458
CAF,2008,459.562457200129
CAF,2007,459.746066353429
CAF,2006,447.808106503381
CAF,2005,436.100265100646
CAF,2004,442.015236050639
CAF,2003,426.159580840432
CAF,2002,461.498085646823
CAF,2001,455.338380225211
CAF,2000,445.803292984421
TCD,2020,622.278506280593
TCD,2019,652.703215971488
TCD,2018,653.349761493496
TCD,2017,660.126133751546
TCD,2016,703.466007109583
TCD,2015,774.411603124119
TCD,2014,777.935681080277
TCD,2013,754.17181329132
TCD,2012,739.338364774171
TCD,2011,703.123215062758
TCD,2010,727.52494507333
TCD,2009,662.923252830749
TCD,2008,658.874460599641
TCD,2007,661.772364713043
TCD,2006,662.88550503464
TCD,2005,682.353873385601
TCD,2004,605.239354938899
TCD,2003,473.468021688179
TCD,2002,429.426973878544
TCD,2001,409.703668680867
TCD,2000,379.351546845647
CHI,2020,NA
CHI,2019,NA
CHI,2018,NA
CHI,2017,NA
CHI,2016,NA
CHI,2015,NA
CHI,2014,NA
CHI,2013,NA
CHI,2012,NA
CHI,2011,NA
CHI,2010,NA
CHI,2009,NA
CHI,2008,NA
CHI,2007,NA
CHI,2006,NA
CHI,2005,NA
CHI,2004,NA
CHI,2003,NA
CHI,2002,NA
CHI,2001,NA
CHI,2000,NA
CHL,2020,12725.2123430055
CHL,2019,13743.8930417408
CHL,2018,13904.1153384034
CHL,2017,13612.9242460618
CHL,2016,13642.0180926986
CHL,2015,13567.3572174332
CHL,2014,13418.9757682399
CHL,2013,13316.0522954787
CHL,2012,13014.5824913304
CHL,2011,12380.0152958743
CHL,2010,11770.7565803284
CHL,2009,11232.8231190015
CHL,2008,11477.0900930207
CHL,2007,11169.2867807371
CHL,2006,10725.0547635292
CHL,2005,10212.7824998686
CHL,2004,9744.32243851806
CHL,2003,9226.15045327464
CHL,2002,8902.83797477025
CHL,2001,8720.91013452207
CHL,2000,8549.07907277501
CHN,2020,10358.1699971792
CHN,2019,10155.5108830542
CHN,2018,9619.20947510677
CHN,2017,9053.22872461936
CHN,2016,8516.52874235572
CHN,2015,8016.44559489998
CHN,2014,7532.78530130172
CHN,2013,7056.42309152349
CHN,2012,6591.66249405644
CHN,2011,6152.69687271855
CHN,2010,5647.06872713954
CHN,2009,5128.90412774381
CHN,2008,4711.64344921263
CHN,2007,4319.03139751247
CHN,2006,3800.76579592591
CHN,2005,3390.71615945044
CHN,2004,3061.83317262874
CHN,2003,2797.17665912283
CHN,2002,2557.89161202627
CHN,2001,2359.57238513523
CHN,2000,2193.89686642215
COL,2020,5857.17255605459
COL,2019,6404.10876497266
COL,2018,6320.99074680751
COL,2017,6280.89105010627
COL,2016,6291.0796974505
COL,2015,6228.65162110371
COL,2014,6107.08301924277
COL,2013,5899.76791918604
COL,2012,5667.49875003951
COL,2011,5511.09985211242
COL,2010,5209.73247012375
COL,2009,5042.14495831618
COL,2008,5042.06114517198
COL,2007,4939.11795636568
COL,2006,4685.05458534514
COL,2005,4447.56681730383
COL,2004,4301.03504166806
COL,2003,4142.00770230701
COL,2002,4045.30674640602
COL,2001,4007.52804904426
COL,2000,4003.98516870923
COM,2020,1352.95549301356
COM,2019,1381.62223950494
COM,2018,1383.37787346626
COM,2017,1360.43118681849
COM,2016,1337.52787006698
COM,2015,1322.93677605288
COM,2014,1336.48970325462
COM,2013,1337.3977265743
COM,2012,1307.97303215032
COM,2011,1295.2043922
COM,2010,1270.3026557862
COM,2009,1249.83940486739
COM,2008,1235.6528199734
COM,2007,1212.75172635576
COM,2006,1227.48289791482
COM,2005,1219.99123369987
COM,2004,1209.86311527893
COM,2003,1210.02852574084
COM,2002,1208.5899294393
COM,2001,1205.50918252879
COM,2000,1202.13138364027
COD,2020,487.433133172625
COD,2019,494.81924776865
COD,2018,489.382374635897
COD,2017,477.847891218238
COD,2016,476.814904653245
COD,2015,482.064568638238
COD,2014,466.424946756231
COD,2013,441.012978269866
COD,2012,420.629365516991
COD,2011,406.201028743869
COD,2010,393.02745089116
COD,2009,379.054881049662
COD,2008,380.494910456936
COD,2007,369.840754154091
COD,2006,359.428071688367
COD,2005,352.321229809401
COD,2004,342.459997388541
COD,2003,330.548987183774
COD,2002,322.440051961766
COD,2001,322.93003714483
COD,2000,339.969449284409
COG,2020,1740.82734180348
COG,2019,1901.05599305146
COG,2018,1924.71880170369
COG,2017,2017.85395607813
COG,2016,2189.16272253619
COG,2015,2455.34085824476
COG,2014,2504.29262574217
COG,2013,2405.03348396851
COG,2012,2481.29466642524
COG,2011,2320.33345567464
COG,2010,2345.1114072464
COG,2009,2223.77623292534
COG,2008,2073.6137914834
COG,2007,2016.30953880935
COG,2006,2240.08353237627
COG,2005,2153.76096711042
COG,2004,2071.98343867456
COG,2003,2071.57206718518
COG,2002,2112.53401978075
COG,2001,2067.81419342021
COG,2000,2068.3839129759
CRI,2020,12030.0485934011
CRI,2019,12662.4228535715
CRI,2018,12470.9574208108
CRI,2017,12267.1620386503
CRI,2016,11893.323254213
CRI,2015,11529.9551730192
CRI,2014,11240.7115867772
CRI,2013,10975.6963726441
CRI,2012,10832.7567617685
CRI,2011,10453.5225661682
CRI,2010,10137.5821702895
CRI,2009,9746.49069601726
CRI,2008,9966.0484404789
CRI,2007,9647.86089474902
CRI,2006,9041.38679579351
CRI,2005,8545.74727395582
CRI,2004,8340.82985214551
CRI,2003,8109.82489719484
CRI,2002,7898.63313789409
CRI,2001,7768.43895498405
CRI,2000,7646.02737177608
CIV,2020,2216.32725307011
CIV,2019,2256.83795553384
CIV,2018,2168.9134420144
CIV,2017,2122.50261940544
CIV,2016,2027.83397580544
CIV,2015,1941.58189765549
CIV,2014,1858.61535346662
CIV,2013,1739.15519489133
CIV,2012,1602.91092359677
CIV,2011,1520.34230277722
CIV,2010,1640.31503436099
CIV,2009,1568.02113626619
CIV,2008,1545.88009290163
CIV,2007,1507.0895959785
CIV,2006,1523.23305807737
CIV,2005,1514.62055818381
CIV,2004,1534.07671706097
CIV,2003,1521.88484247584
CIV,2002,1636.44695138318
CIV,2001,1725.15594158154
CIV,2000,1809.9208007197
HRV,2020,13157.9724255737
HRV,2019,14321.3344788474
HRV,2018,13768.18944713
HRV,2017,13250.4107171878
HRV,2016,12666.0872076662
HRV,2015,12135.1036186683
HRV,2014,11736.3348824454
HRV,2013,11728.6998899248
HRV,2012,11732.0783419948
HRV,2011,11971.4067507245
HRV,2010,11937.098030154
HRV,2009,12057.74381667
HRV,2008,12981.7342458991
HRV,2007,12723.2435030642
HRV,2006,12106.0773705568
HRV,2005,11523.8771567415
HRV,2004,11062.217478791
HRV,2003,10621.3382676193
HRV,2002,10060.9843288304
HRV,2001,9513.18667689447
HRV,2000,8877.06198270207
CUB,2020,7172.51792767657
CUB,2019,8043.01419726511
CUB,2018,8047.94103064616
CUB,2017,7865.33860875385
CUB,2016,7721.70356978028
CUB,2015,7683.74025365669
CUB,2014,7362.31125920052
CUB,2013,7292.70813411035
CUB,2012,7105.4043292251
CUB,2011,6903.91170541987
CUB,2010,6720.64991517329
CUB,2009,6567.96015470346
CUB,2008,6477.77794405304
CUB,2007,6225.3545178506
CUB,2006,5808.64073457228
CUB,2005,5189.92860406232
CUB,2004,4675.78877189456
CUB,2003,4430.98453902849
CUB,2002,4280.2167334089
CUB,2001,4231.80366203398
CUB,2000,4113.4902753527
CUW,2020,14974.3256723655
CUW,2019,17980.5298177114
CUW,2018,18355.1767135889
CUW,2017,18651.4798142441
CUW,2016,18953.0537415003
CUW,2015,19361.8130008678
CUW,2014,19529.5286704975
CUW,2013,19921.4770634064
CUW,2012,20277.5111916571
CUW,2011,20518.0986087103
CUW,2010,20706.4374577658
CUW,2009,20952.8998451864
CUW,2008,21202.4305115575
CUW,2007,21011.1570622011
CUW,2006,20913.6630394407
CUW,2005,21112.3219220136
CUW,2004,21512.1116035171
CUW,2003,21840.8913168396
CUW,2002,22231.8793091625
CUW,2001,22171.0655460422
CUW,2000,21523.6458973702
CYP,2020,27076.740234375
CYP,2019,28362.083984375
CYP,2018,27241.064453125
CYP,2017,26101.28515625
CYP,2016,24916.619140625
CYP,2015,23487.21875
CYP,2014,22581.81640625
CYP,2013,22738.48046875
CYP,2012,24285.486328125
CYP,2011,25538.771484375
CYP,2010,26090.037109375
CYP,2009,26183.451171875
CYP,2008,27449.03125
CYP,2007,27156.671875
CYP,2006,26395.400390625
CYP,2005,25631.255859375
CYP,2004,24799.537109375
CYP,2003,23930.66015625
CYP,2002,23604.0703125
CYP,2001,23019.138671875
CYP,2000,22383.857421875
CZE,2020,19048.0868543829
CZE,2019,20206.4256384905
CZE,2018,19689.5827032979
CZE,2017,19139.2398841383
CZE,2016,18247.0117295456
CZE,2015,17829.6983223668
CZE,2014,16951.3791150445
CZE,2013,16593.8642307285
CZE,2012,16606.9925391504
CZE,2011,16761.8273125123
CZE,2010,16505.9537034372
CZE,2009,16160.6205565942
CZE,2008,17046.8850268926
CZE,2007,16739.1787158121
CZE,2006,15948.7452897204
CZE,2005,14978.4131869153
CZE,2004,14070.2804589818
CZE,2003,13428.099616179
CZE,2002,12959.8174813078
CZE,2001,12734.9220286548
CZE,2000,12312.497769842
DNK,2020,55653.587445315
DNK,2019,57203.0277943447
DNK,2018,56563.4884729669
DNK,2017,55735.7649011485
DNK,2016,54556.0689545694
DNK,2015,53254.8563700916
DNK,2014,52404.7639713382
DNK,2013,51831.7979309232
DNK,2012,51567.0401502519
DNK,2011,51644.4635097775
DNK,2010,51173.4661587111
DNK,2009,50457.2324892863
DNK,2008,53345.3576182976
DNK,2007,53935.8702479631
DNK,2006,53687.4415474978
DNK,2005,51835.8327062445
DNK,2004,50792.00095345
DNK,2003,49599.9969640753
DNK,2002,49541.8555503286
DNK,2001,49469.6888088275
DNK,2000,49241.9280041345
DJI,2020,2814.82622084057
DJI,2019,2820.06286565541
DJI,2018,2714.35164845975
DJI,2017,2632.91333316916
DJI,2016,2538.05401932202
DJI,2015,2409.31190224284
DJI,2014,2279.57759541412
DJI,2013,2167.20245692426
DJI,2012,NA
DJI,2011,NA
DJI,2010,NA
DJI,2009,NA
DJI,2008,NA
DJI,2007,NA
DJI,2006,NA
DJI,2005,NA
DJI,2004,NA
DJI,2003,NA
DJI,2002,NA
DJI,2001,NA
DJI,2000,NA
DMA,2020,6566.42735674195
DMA,2019,7936.3048182003
DMA,2018,7586.64614100055
DMA,2017,7370.43311670808
DMA,2016,7929.80528358816
DMA,2015,7724.04241057376
DMA,2014,8013.75308524294
DMA,2013,7711.44603797089
DMA,2012,7781.5327622706
DMA,2011,7881.52520243285
DMA,2010,7897.69032712761
DMA,2009,7841.27318767384
DMA,2008,7934.64607484249
DMA,2007,7407.93063625493
DMA,2006,6968.76324824362
DMA,2005,6665.10597083414
DMA,2004,6631.33314056172
DMA,2003,6447.43143200502
DMA,2002,6078.27172051108
DMA,2001,6265.1719532047
DMA,2000,6251.47117702852
DOM,2020,7571.78282025612
DOM,2019,8205.14259161047
DOM,2018,7894.95519223748
DOM,2017,7461.65326899816
DOM,2016,7209.99020214435
DOM,2015,6838.93674590634
DOM,2014,6472.84908582725
DOM,2013,6120.9911643647
DOM,2012,5909.86337640133
DOM,2011,5827.3832526434
DOM,2010,5724.30729059668
DOM,2009,5353.59822158028
DOM,2008,5373.09625339146
DOM,2007,5272.86411165654
DOM,2006,4971.23816601656
DOM,2005,4612.80874879234
DOM,2004,4272.07523234141
DOM,2003,4222.59033728834
DOM,2002,4340.8999356515
DOM,2001,4214.57376104824
DOM,2000,4175.17102394888
ECU,2020,5342.73903751582
ECU,2019,5970.1089450969
ECU,2018,6075.16615648774
ECU,2017,6127.14946730109
ECU,2016,5872.45971953305
ECU,2015,6002.1083111024
ECU,2014,6084.30764715655
ECU,2013,5924.85887264747
ECU,2012,5611.68047480911
ECU,2011,5390.58436739307
ECU,2010,5051.38961980715
ECU,2009,4937.0383970139
ECU,2008,4966.6192952595
ECU,2007,4740.75898913528
ECU,2006,4732.87573654346
ECU,2005,4614.70842300313
ECU,2004,4454.49472618434
ECU,2003,4242.77864407651
ECU,2002,4196.57413303095
ECU,2001,4069.55768474214
ECU,2000,3973.03005010677
EGY,2020,3835.78421490004
EGY,2019,3769.03576992117
EGY,2018,3635.42058228397
EGY,2017,3517.5878945716
EGY,2016,3444.26826193572
EGY,2015,3370.38244716015
EGY,2014,3301.20444348468
EGY,2013,3283.74071993308
EGY,2012,3288.79435493296
EGY,2011,3290.76182774719
EGY,2010,3305.88324715313
EGY,2009,3208.45226745432
EGY,2008,3125.74753015317
EGY,2007,2974.68787145408
EGY,2006,2832.54820018374
EGY,2005,2703.22258344184
EGY,2004,2639.34706860676
EGY,2003,2587.63050810527
EGY,2002,2560.4574089243
EGY,2001,2553.52840907008
EGY,2000,2517.58050563617
SLV,2020,3773.39367367062
SLV,2019,4104.91789162688
SLV,2018,4009.71655712472
SLV,2017,3921.31586279722
SLV,2016,3845.02249284043
SLV,2015,3761.51368000275
SLV,2014,3686.09556191783
SLV,2013,3637.42273060241
SLV,2012,3573.78589982424
SLV,2011,3487.03118820574
SLV,2010,3373.04381097889
SLV,2009,3314.29850047727
SLV,2008,3398.5774694537
SLV,2007,3340.09541238268
SLV,2006,3284.77212894051
SLV,2005,3146.470376842
SLV,2004,3065.41878796182
SLV,2003,3042.83465041755
SLV,2002,3003.69833628238
SLV,2001,2968.63154164567
SLV,2000,2957.37186689019
GNQ,2020,5995.90584446184
GNQ,2019,6472.07088263695
GNQ,2018,7079.65052622091
GNQ,2017,7818.05359002821
GNQ,2016,8594.45021923839
GNQ,2015,9788.98380369718
GNQ,2014,11200.810716702
GNQ,2013,11614.0029469918
GNQ,2012,12625.2959657761
GNQ,2011,12155.8187804061
GNQ,2010,11933.3110750781
GNQ,2009,13740.8400174346
GNQ,2008,14222.5488862488
GNQ,2007,12660.9055121964
GNQ,2006,11508.9259619284
GNQ,2005,11188.4485804523
GNQ,2004,10028.3543829154
GNQ,2003,7604.48072314012
GNQ,2002,6987.94267097902
GNQ,2001,6132.84731716448
GNQ,2000,3941.66353549864
ERI,2020,NA
ERI,2019,NA
ERI,2018,NA
ERI,2017,NA
ERI,2016,NA
ERI,2015,NA
ERI,2014,NA
ERI,2013,NA
ERI,2012,NA
ERI,2011,702.396632469693
ERI,2010,658.586271536765
ERI,2009,657.786458197831
ERI,2008,649.694462305529
ERI,2007,739.739343408004
ERI,2006,741.000743297441
ERI,2005,761.031782421962
ERI,2004,760.348787829391
ERI,2003,780.468139189714
ERI,2002,835.109997639776
ERI,2001,838.898913154417
ERI,2000,793.620561604165
EST,2020,20091.0457573356
EST,2019,20327.0158660721
EST,2018,19611.6109936281
EST,2017,18962.4103006448
EST,2016,17945.9449641749
EST,2015,17402.0376128079
EST,2014,17096.6445771582
EST,2013,16553.383261103
EST,2012,16257.4722043516
EST,2011,15692.788829336
EST,2010,14585.8386603429
EST,2009,14205.3948829766
EST,2008,16607.5680643985
EST,2007,17459.0983144278
EST,2006,16155.2074300393
EST,2005,14631.3873257137
EST,2004,13282.545519845
EST,2003,12362.2482843024
EST,2002,11417.1679687727
EST,2001,10625.5792686752
EST,2000,9960.13903877452
SWZ,2020,3672.65334987563
SWZ,2019,3766.06299935158
SWZ,2018,3696.35985012092
SWZ,2017,3638.76878202013
SWZ,2016,3594.16706693255
SWZ,2015,3583.31129031343
SWZ,2014,3530.36090389521
SWZ,2013,3521.6693370061
SWZ,2012,3411.71936090081
SWZ,2011,3254.81337259645
SWZ,2010,3199.05354215576
SWZ,2009,3096.29606924652
SWZ,2008,3062.61499124935
SWZ,2007,3054.08242919777
SWZ,2006,2941.39684191088
SWZ,2005,2790.25078846218
SWZ,2004,2647.46324344273
SWZ,2003,2571.68807112893
SWZ,2002,2494.44753963835
SWZ,2001,2411.37385911468
SWZ,2000,2411.44492414984
ETH,2020,811.255539909268
ETH,2019,785.48497203795
ETH,2018,744.367520290091
ETH,2017,715.748734748932
ETH,2016,671.290575859576
ETH,2015,630.312619383054
ETH,2014,586.573613503707
ETH,2013,546.592835036965
ETH,2012,508.065709672884
ETH,2011,481.037857252846
ETH,2010,445.182335585895
ETH,2009,406.856927938661
ETH,2008,384.572658365366
ETH,2007,357.117931473262
ETH,2006,329.679278769055
ETH,2005,305.979354951405
ETH,2004,281.520325336973
ETH,2003,255.1002658482
ETH,2002,268.423601807101
ETH,2001,272.288550858967
ETH,2000,258.870525025929
FRO,2020,54248.5497985303
FRO,2019,56099.9689639995
FRO,2018,54506.387071933
FRO,2017,53822.909900023304
FRO,2016,52762.4287215325
FRO,2015,52726.6873782078
FRO,2014,52595.0254279963
FRO,2013,49933.3503218017
FRO,2012,47197.6740900316
FRO,2011,44108.5803549041
FRO,2010,42510.3466529249
FRO,2009,42740.2539424795
FRO,2008,44678.6695847262
FRO,2007,NA
FRO,2006,NA
FRO,2005,NA
FRO,2004,NA
FRO,2003,NA
FRO,2002,NA
FRO,2001,NA
FRO,2000,NA
FJI,2020,4701.3314678446
FJI,2019,5679.05182722096
FJI,2018,5708.91093020969
FJI,2017,5499.12220259354
FJI,2016,5223.37600776808
FJI,2015,5105.18959221062
FJI,2014,4894.04357132024
FJI,2013,4645.04648054693
FJI,2012,4446.73416598829
FJI,2011,4397.90300983458
FJI,2010,4297.13892743237
FJI,2009,4191.34724230003
FJI,2008,4272.3066086066
FJI,2007,4257.51449547158
FJI,2006,4330.82719658439
FJI,2005,4291.71547116707
FJI,2004,4302.34757408648
FJI,2003,4125.72963304378
FJI,2002,4125.32635826602
FJI,2001,4038.13315286616
FJI,2000,4000.85432660743
FIN,2020,44984.7344505487
FIN,2019,46135.8814242631
FIN,2018,45627.9198947233
FIN,2017,45173.6294067199
FIN,2016,43878.9667273579
FIN,2015,42801.9081167285
FIN,2014,42710.9212889729
FIN,2013,43044.997120147404
FIN,2012,43637.2486713657
FIN,2011,44466.8176978572
FIN,2010,43563.5721974365
FIN,2009,42412.0978494183
FIN,2008,46358.6204112971
FIN,2007,46212.6409741216
FIN,2006,44074.0309204141
FIN,2005,42530.6196771877
FIN,2004,41522.1750841224
FIN,2003,40044.3048555829
FIN,2002,39351.3903956183
FIN,2001,38784.7725522584
FIN,2000,37884.3913209153
FRA,2020,35806.6178917772
FRA,2019,38832.0242014303
FRA,2018,38259.6977698474
FRA,2017,37694.0833027304
FRA,2016,36956.7958003293
FRA,2015,36652.9223052178
FRA,2014,36378.6186614699
FRA,2013,36203.1908693774
FRA,2012,36182.1511275816
FRA,2011,36244.1871625918
FRA,2010,35638.1215603451
FRA,2009,35129.3622360858
FRA,2008,36354.6586641081
FRA,2007,36464.9592682158
FRA,2006,35821.8719947773
FRA,2005,35208.855797143
FRA,2004,34893.5298119974
FRA,2003,34183.6633444538
FRA,2002,34146.3062683243
FRA,2001,34009.8623977368
FRA,2000,33592.4668300573
PYF,2020,18321.5279645771
PYF,2019,19856.2590590838
PYF,2018,19471.3901061808
PYF,2017,19260.6195324755
PYF,2016,18573.3849253968
PYF,2015,18252.5142032094
PYF,2014,18072.1137918905
PYF,2013,18080.3079617607
PYF,2012,18099.4799023749
PYF,2011,18353.4024800203
PYF,2010,19012.0533338782
PYF,2009,19596.6834402413
PYF,2008,20588.3465015459
PYF,2007,20763.088509009
PYF,2006,20658.3778163768
PYF,2005,20766.3787050957
PYF,2004,21006.6196681416
PYF,2003,21117.5234423383
PYF,2002,20999.7738324661
PYF,2001,21157.334901846
PYF,2000,21578.5998545808
GAB,2020,6619.68860295977
GAB,2019,6893.32310548088
GAB,2018,6786.89034991238
GAB,2017,6893.384326889
GAB,2016,7038.57727823083
GAB,2015,7090.45463394942
GAB,2014,7039.68214859312
GAB,2013,6977.77026945239
GAB,2012,6840.94861246714
GAB,2011,6735.08287919822
GAB,2010,6514.7311629822
GAB,2009,6295.19905485629
GAB,2008,6497.48123897495
GAB,2007,6937.48513442107
GAB,2006,6750.05084879234
GAB,2005,7155.365484793
GAB,2004,7171.68353286183
GAB,2003,7322.60614092637
GAB,2002,7357.56671357805
GAB,2001,7574.11491452898
GAB,2000,7611.83571417727
GMB,2020,655.576119206423
GMB,2019,668.63512259134
GMB,2018,645.938187151588
GMB,2017,618.480768713502
GMB,2016,606.316200252264
GMB,2015,611.67121911225
GMB,2014,605.033694011003
GMB,2013,632.197151619908
GMB,2012,633.58272085887
GMB,2011,620.948222949223
GMB,2010,697.162567788712
GMB,2009,679.003612436129
GMB,2008,656.703909479127
GMB,2007,637.531000666533
GMB,2006,638.076946483833
GMB,2005,661.32191108006
GMB,2004,697.472452389695
GMB,2003,670.660940904494
GMB,2002,645.701732092516
GMB,2001,686.687685807015
GMB,2000,667.965379243152
GEO,2020,4659.60925318234
GEO,2019,4975.81148194814
GEO,2018,4713.6535484530305
GEO,2017,4442.50744127374
GEO,2016,4225.09154904806
GEO,2015,4086.6223465965
GEO,2014,3960.35080091901
GEO,2013,3806.50600649051
GEO,2012,3609.780798626
GEO,2011,3362.1030031968
GEO,2010,3090.06513662318
GEO,2009,2887.25607935922
GEO,2008,2970.15858282428
GEO,2007,2891.13702331846
GEO,2006,2554.81253503914
GEO,2005,2321.60084285163
GEO,2004,2105.00472843799
GEO,2003,1977.46143338741
GEO,2002,1768.5970116888
GEO,2001,1661.83019106421
GEO,2000,1561.19867638847
DEU,2020,41601.9731563516
DEU,2019,43292.6838917385
DEU,2018,42928.7412368012
DEU,2017,42639.5544087286
DEU,2016,41682.0322433511
DEU,2015,41103.2564363768
DEU,2014,40851.1617304855
DEU,2013,40135.0158319837
DEU,2012,40069.3539560742
DEU,2011,39977.3417095357
DEU,2010,37760.9136283996
DEU,2009,36190.3928860698
DEU,2008,38278.3130082531
DEU,2007,37842.3577913563
DEU,2006,36699.446781036
DEU,2005,35310.4704669272
DEU,2004,35034.0806086181
DEU,2003,34619.6640670185
DEU,2002,34883.0580735445
DEU,2001,35011.068457503
DEU,2000,34490.0757688619
GHA,2020,1951.06447835525
GHA,2019,1981.61375988962
GHA,2018,1899.8084315335
GHA,2017,1827.27392722785
GHA,2016,1728.09708561644
GHA,2015,1711.27132561453
GHA,2014,1715.823971413
GHA,2013,1708.82801334178
GHA,2012,1631.91937049872
GHA,2011,1530.35934224593
GHA,2010,1374.98503388049
GHA,2009,1306.18515278459
GHA,2008,1277.82300203746
GHA,2007,1201.21082341578
GHA,2006,1181.55898629629
GHA,2005,1140.18643258283
GHA,2004,1105.68564141382
GHA,2003,1075.371883631
GHA,2002,1050.34402424304
GHA,2001,1033.1213644657
GHA,2000,1020.16220904138
GIB,2020,NA
GIB,2019,NA
GIB,2018,NA
GIB,2017,NA
GIB,2016,NA
GIB,2015,NA
GIB,2014,NA
GIB,2013,NA
GIB,2012,NA
GIB,2011,NA
GIB,2010,NA
GIB,2009,NA
GIB,2008,NA
GIB,2007,NA
GIB,2006,NA
GIB,2005,NA
GIB,2004,NA
GIB,2003,NA
GIB,2002,NA
GIB,2001,NA
GIB,2000,NA
GRC,2020,17283.2457234913
GRC,2019,19017.9964295438
GRC,2018,18647.4957207515
GRC,2017,18304.3076770645
GRC,2016,18070.7807322854
GRC,2015,18083.8779056547
GRC,2014,18000.4184639065
GRC,2013,17796.2576680722
GRC,2012,18123.6710971914
GRC,2011,19400.8077326583
GRC,2010,21560.3533533658
GRC,2009,22839.2485386418
GRC,2008,23928.5019625017
GRC,2007,24072.7918188691
GRC,2006,23369.1504333202
GRC,2005,22185.424546109
GRC,2004,22118.0599882249
GRC,2003,21104.7414364219
GRC,2002,19996.4651042147
GRC,2001,19312.3030706347
GRC,2000,18642.7212666989
GRL,2020,48139.5825957628
GRL,2019,48170.7896955512
GRL,2018,47012.9860350276
GRL,2017,46597.9452470348
GRL,2016,46561.7831434013
GRL,2015,44536.3549705377
GRL,2014,45545.1429414917
GRL,2013,43338.3839246907
GRL,2012,43655.7004664255
GRL,2011,42994.8790874739
GRL,2010,43198.032364358
GRL,2009,42899.7441985862
GRL,2008,42527.6668469766
GRL,2007,39896.875364094
GRL,2006,38829.536413942
GRL,2005,36681.8055890619
GRL,2004,34953.9493651873
GRL,2003,32779.8815112106
GRL,2002,31475.8212513547
GRL,2001,31930.59542585
GRL,2000,31614.6188319158
GRD,2020,7915.13871412215
GRD,2019,9247.89838199082
GRD,2018,9252.55403427554
GRD,2017,8933.10824925886
GRD,2016,8621.53890148144
GRD,2015,8379.62184743156
GRD,2014,7939.50206647381
GRD,2013,7461.40073626339
GRD,2012,7354.97360262798
GRD,2011,7505.26518609805
GRD,2010,7505.71323056547
GRD,2009,7596.90270609179
GRD,2008,8190.64756366194
GRD,2007,8168.45103019934
GRD,2006,7748.2332057476
GRD,2005,8124.41290710313
GRD,2004,7220.54771176023
GRD,2003,7319.46552527553
GRD,2002,6718.09001473211
GRD,2001,6512.59236420289
GRD,2000,6678.30741336641
GUM,2020,31510.4633592532
GUM,2019,35341.4051332021
GUM,2018,34460.4465269452
GUM,2017,34763.081137295
GUM,2016,34509.6006451551
GUM,2015,34522.3779304433
GUM,2014,34328.5631990488
GUM,2013,33822.5930181207
GUM,2012,33392.6853766199
GUM,2011,32841.672288299
GUM,2010,32964.245358241
GUM,2009,32298.3476510811
GUM,2008,32128.9722261618
GUM,2007,31481.052468465
GUM,2006,31273.5773015285
GUM,2005,32507.5174907311
GUM,2004,31446.5720548017
GUM,2003,29640.8932462535
GUM,2002,29531.1013096584
GUM,2001,NA
GUM,2000,NA
GTM,2020,4124.14353853545
GTM,2019,4263.70844366435
GTM,2018,4163.47630221389
GTM,2017,4091.25998307266
GTM,2016,4034.15057717449
GTM,2015,3994.62908519019
GTM,2014,3903.05196634916
GTM,2013,3802.14635151493
GTM,2012,3731.66847179214
GTM,2011,3688.85893591305
GTM,2010,3606.4234821491
GTM,2009,3570.29584202465
GTM,2008,3620.82336964724
GTM,2007,3573.59263299097
GTM,2006,3427.67155026705
GTM,2005,3320.15756486808
GTM,2004,3282.31464035983
GTM,2003,3250.83475571572
GTM,2002,3239.56082941934
GTM,2001,3192.30235188806
GTM,2000,3195.38807828092
GIN,2020,959.43197301356
GIN,2019,937.703131488194
GIN,2018,910.652641922598
GIN,2017,878.179271511856
GIN,2016,816.847079288487
GIN,2015,756.425589810936
GIN,2014,747.363410943931
GIN,2013,738.840592841207
GIN,2012,728.368437274107
GIN,2011,704.737323732554
GIN,2010,683.984653319546
GIN,2009,668.814742536723
GIN,2008,693.114105391017
GIN,2007,681.828175840118
GIN,2006,653.119378097401
GIN,2005,658.894381308167
GIN,2004,652.504219951449
GIN,2003,651.305256969143
GIN,2002,657.856757056142
GIN,2001,635.331825962707
GIN,2000,620.904456367342
GNB,2020,694.278653597221
GNB,2019,699.768327216702
GNB,2018,685.462949775585
GNB,2017,676.473623655971
GNB,2016,661.48931330861
GNB,2015,644.179063890749
GNB,2014,622.827833456932
GNB,2013,633.430642157263
GNB,2012,630.172549484384
GNB,2011,658.568095356301
GNB,2010,625.555375376153
GNB,2009,607.87596714126
GNB,2008,608.804379281071
GNB,2007,597.652545090429
GNB,2006,597.769053437418
GNB,2005,596.751132755047
GNB,2004,573.612004998965
GNB,2003,580.480318573824
GNB,2002,595.71729487008
GNB,2001,587.651805637484
GNB,2000,572.899840165086
GUY,2020,9126.79142451246
GUY,2019,6348.68368035127
GUY,2018,6127.67910664033
GUY,2017,6038.25338823633
GUY,2016,5852.81165036409
GUY,2015,5668.42976474423
GUY,2014,5659.08180272229
GUY,2013,5592.73724876306
GUY,2012,5420.66484738565
GUY,2011,5147.1607607939
GUY,2010,4868.69451309551
GUY,2009,4654.51523569483
GUY,2008,4475.04940140124
GUY,2007,4384.07392716493
GUY,2006,4079.9998822581
GUY,2005,3874.06814035675
GUY,2004,3947.43833811141
GUY,2003,3885.97069124651
GUY,2002,3911.9243867649802
GUY,2001,3870.72981851686
GUY,2000,3788.24140548951
HTI,2020,1324.28327669834
HTI,2019,1387.51490382752
HTI,2018,1430.81876709923
HTI,2017,1426.6336823629
HTI,2016,1411.14310082145
HTI,2015,1405.71477634354
HTI,2014,1406.41222575318
HTI,2013,1387.11115735352
HTI,2012,1349.68924054865
HTI,2011,1363.74882586294
HTI,2010,1312.28484718294
HTI,2009,1406.93502551138
HTI,2008,1350.23347080902
HTI,2007,1336.83232048637
HTI,2006,1298.03486710972
HTI,2005,1297.08597921465
HTI,2004,1279.54657904133
HTI,2003,1318.59413552347
HTI,2002,1296.41066224571
HTI,2001,1305.49776637104
HTI,2000,1333.7271627543
HND,2020,2188.97246199273
HND,2019,2443.88171835938
HND,2018,2423.27605962903
HND,2017,2373.79155954108
HND,2016,2303.87850398806
HND,2015,2257.22528369354
HND,2014,2213.44050673379
HND,2013,2187.83343301838
HND,2012,2169.15628998506
HND,2011,2124.18751643212
HND,2010,2087.25227072168
HND,2009,2054.38411191041
HND,2008,2151.20156093135
HND,2007,2110.04733212571
HND,2006,2033.07110777428
HND,2005,1953.32612256594
HND,2004,1887.08532398747
HND,2003,1821.15037907552
HND,2002,1787.09893459084
HND,2001,1768.28997593448
HND,2000,1768.25390483438
HKG,2020,41451.2863974431
HKG,2019,44195.2523378549
HKG,2018,45280.4738923626
HKG,2017,44380.7938406513
HKG,2016,43087.5383215984
HKG,2015,42432.1619740441
HKG,2014,41796.843916459096
HKG,2013,40959.9782051513
HKG,2012,39887.8240518823
HKG,2011,39656.3265174634
HKG,2010,38090.0065515408
HKG,2009,35938.5849022837
HKG,2008,36924.058884503
HKG,2007,36371.6332418668
HKG,2006,34457.9980023702
HKG,2005,32401.3475089579
HKG,2004,30304.2898433945
HKG,2003,28097.0884926783
HKG,2002,27210.0621293831
HKG,2001,26885.420196384
HKG,2000,26933.2463592275
HUN,2020,14437.8088480852
HUN,2019,15083.5991718742
HUN,2018,14377.4241602939
HUN,2017,13628.4044885706
HUN,2016,13035.3528590909
HUN,2015,12717.038597002
HUN,2014,12233.299367172
HUN,2013,11705.0092523564
HUN,2012,11466.1419094704
HUN,2011,11551.4989289342
HUN,2010,11307.7161991209
HUN,2009,11162.0559722742
HUN,2008,11932.0383995535
HUN,2007,11792.7712897392
HUN,2006,11741.9476769178
HUN,2005,11278.6160255559
HUN,2004,10792.7374278506
HUN,2003,10255.6101131603
HUN,2002,9825.94319858403
HUN,2001,9354.48075090137
HUN,2000,8967.69626924063
ISL,2020,52641.7234828803
ISL,2019,57493.4195335925
ISL,2018,57697.8044237427
ISL,2017,56501.4576788793
ISL,2016,55513.6423015865
ISL,2015,52951.6815110898
ISL,2014,51233.2440468041
ISL,2013,50946.8162625339
ISL,2012,49191.574417162
ISL,2011,48933.5456614347
ISL,2010,48193.7014041013
ISL,2009,49527.3988280929
ISL,2008,53821.47082221
ISL,2007,53646.3690202759
ISL,2006,50731.6906881712
ISL,2005,48850.7658634924
ISL,2004,46766.0168708212
ISL,2003,43763.7756121132
ISL,2002,43143.4605797013
ISL,2001,43288.0763046335
ISL,2000,42174.6650584696
IND,2020,1814.56156970557
IND,2019,1944.31484844968
IND,2018,1891.13843545663
IND,2017,1795.9118496797
IND,2016,1701.18423764708
IND,2015,1590.17433134297
IND,2014,1490.02850762963
IND,2013,1404.54534647065
IND,2012,1337.47611073826
IND,2011,1285.28304898271
IND,2010,1238.01472672193
IND,2009,1156.88066592664
IND,2008,1087.58303554405
IND,2007,1070.13153814137
IND,2006,1008.6671374075
IND,2005,947.763435280111
IND,2004,892.3821034885
IND,2003,840.81804425498
IND,2002,793.100961792279
IND,2001,777.733660305847
IND,2000,755.482294032829
IDN,2020,3780.12163441585
IDN,2019,3892.42166187369
IDN,2018,3741.30526682049
IDN,2017,3591.78002845926
IDN,2016,3453.04943030511
IDN,2015,3322.58167895444
IDN,2014,3203.48428702077
IDN,2013,3086.32311695224
IDN,2012,2959.5144781668
IDN,2011,2826.48044072348
IDN,2010,2695.86817007214
IDN,2009,2569.87421261278
IDN,2008,2487.61129660703
IDN,2007,2377.25499297081
IDN,2006,2264.93573330974
IDN,2005,2174.91522148966
IDN,2004,2083.8825089787
IDN,2003,2009.48978395399
IDN,2002,1943.64492790634
IDN,2001,1885.67975137695
IDN,2000,1845.22780072703
IRN,2020,5141.08477649301
IRN,2019,5017.11721517534
IRN,2018,5233.28205397474
IRN,2017,5401.45593675503
IRN,2016,5332.1010318135
IRN,2015,4990.93679541655
IRN,2014,5178.90070655187
IRN,2013,5027.48471728532
IRN,2012,5180.08602726727
IRN,2011,5450.93821273398
IRN,2010,5378.7177108645
IRN,2009,5155.85724962024
IRN,2008,5174.35477136007
IRN,2007,5232.70354880714
IRN,2006,4908.95995180128
IRN,2005,4748.03025398941
IRN,2004,4675.94080527377
IRN,2003,4554.59387294772
IRN,2002,4231.47890799956
IRN,2001,3953.47969799171
IRN,2000,3927.70922331844
IRQ,2020,4170.39204821397
IRQ,2019,4854.38649618787
IRQ,2018,4710.97614870841
IRQ,2017,4702.40048423472
IRQ,2016,4903.82325769683
IRQ,2015,4416.94292408042
IRQ,2014,4333.82398987741
IRQ,2013,4479.47041925477
IRQ,2012,4360.74562424618
IRQ,2011,4003.05259905817
IRQ,2010,3854.68835626085
IRQ,2009,3739.45544550806
IRQ,2008,3749.76577313729
IRQ,2007,3532.08054729669
IRQ,2006,3437.36336042533
IRQ,2005,3277.11191008468
IRQ,2004,3320.37891008753
IRQ,2003,2227.96915256843
IRQ,2002,3626.35339271637
IRQ,2001,4079.11185103866
IRQ,2000,4138.18793966255
IRL,2020,79441.7086843532
IRL,2019,75281.9215322169
IRL,2018,72478.8382398373
IRL,2017,67652.0199199883
IRL,2016,62566.7978369816
IRL,2015,62179.2642662951
IRL,2014,50427.3296736031
IRL,2013,46676.2584933487
IRL,2012,46377.9216861489
IRL,2011,46635.3445852272
IRL,2010,46246.8450864429
IRL,2009,45729.9032271479
IRL,2008,48677.2171989662
IRL,2007,52012.0454125255
IRL,2006,50838.0767607578
IRL,2005,49746.0564580724
IRL,2004,48081.9681057103
IRL,2003,45856.3496298566
IRL,2002,45245.8085128973
IRL,2001,43451.3730525539
IRL,2000,41924.2932496242
IMN,2020,86613.6133804936
IMN,2019,95137.3348854037
IMN,2018,95074.4397186048
IMN,2017,93232.6489061823
IMN,2016,90801.1715251381
IMN,2015,84753.5187422732
IMN,2014,84774.5389175819
IMN,2013,80380.9616775489
IMN,2012,77006.5579919221
IMN,2011,71754.71689151
IMN,2010,70785.8201535165
IMN,2009,69212.0536653788
IMN,2008,68547.4233193751
IMN,2007,66068.2420377314
IMN,2006,62126.8271217922
IMN,2005,58275.6198797312
IMN,2004,55545.0923300437
IMN,2003,53299.4715071643
IMN,2002,50775.0328491428
IMN,2001,48302.0284324121
IMN,2000,46334.3747988961
ISR,2020,38176.7543372587
ISR,2019,39591.3687578516
ISR,2018,38744.1604404811
ISR,2017,37953.0404593554
ISR,2016,37109.0218162488
ISR,2015,36206.5222171621
ISR,2014,36035.2577522884
ISR,2013,35348.3068537152
ISR,2012,34491.1601071181
ISR,2011,34247.623280715
ISR,2010,33048.5545890362
ISR,2009,31852.2671973223
ISR,2008,32337.1977109655
ISR,2007,31880.3450537383
ISR,2006,30605.1559987527
ISR,2005,29503.9014620245
ISR,2004,28836.5131848105
ISR,2003,28010.6074556958
ISR,2002,28128.8460691258
ISR,2001,28733.9412605501
ISR,2000,29321.3254007484
ITA,2020,29375.037340835
ITA,2019,32114.2998563994
ITA,2018,31593.4802621599
ITA,2017,31244.2270989224
ITA,2016,30685.645898943
ITA,2015,30242.3861352184
ITA,2014,29979.9187217358
ITA,2013,30257.6274259351
ITA,2012,31184.5584255896
ITA,2011,32229.4567910904
ITA,2010,32058.1739940798
ITA,2009,31615.2708145085
ITA,2008,33530.3601449597
ITA,2007,34081.0903298709
ITA,2006,33751.7000191328
ITA,2005,33257.7698032684
ITA,2004,33150.4762169416
ITA,2003,32897.3907788976
ITA,2002,32998.2031900081
ITA,2001,32963.6706090266
ITA,2000,32350.9043668747
JAM,2020,4769.69359417696
JAM,2019,5307.51034434468
JAM,2018,5264.1964521584
JAM,2017,5172.91605361481
JAM,2016,5132.22682136336
JAM,2015,5077.55096915616
JAM,2014,5049.08041546538
JAM,2013,5035.12862521918
JAM,2012,5033.35861602932
JAM,2011,5089.6052172613
JAM,2010,5025.49351487106
JAM,2009,5121.33847760029
JAM,2008,5375.76162910926
JAM,2007,5440.12484634238
JAM,2006,5386.37775095747
JAM,2005,5259.64416839663
JAM,2004,5238.17381347435
JAM,2003,5195.08597564921
JAM,2002,5035.63518240062
JAM,2001,4961.1718778354
JAM,2000,4920.07020364592
JPN,2020,34650.7967802766
JPN,2019,36043.7844013365
JPN,2018,36138.5290824719
JPN,2017,35861.9728545838
JPN,2016,35242.1993771881
JPN,2015,34960.6393843385
JPN,2014,34386.905855287
JPN,2013,34239.8862473683
JPN,2012,33518.444936892
JPN,2011,33011.13423011
JPN,2010,32942.2020783725
JPN,2009,31651.0837739853
JPN,2008,33557.6454041531
JPN,2007,33990.0360341685
JPN,2006,33531.5185630775
JPN,2005,33098.5474664872
JPN,2004,32515.1158024317
JPN,2003,31830.2175849262
JPN,2002,31416.1241772435
JPN,2001,31476.052066579
JPN,2000,31430.6311303282
JOR,2020,3784.76252307437
JOR,2019,3909.25001726642
JOR,2018,3929.68718472936
JOR,2017,3947.97166966641
JOR,2016,3949.61078519413
JOR,2015,4064.25301043642
JOR,2014,4348.23665884969
JOR,2013,4732.38722080538
JOR,2012,4920.86517893078
JOR,2011,4872.99655954255
JOR,2010,4865.46977307058
JOR,2009,4861.12699202489
JOR,2008,4731.61282886421
JOR,2007,4521.65317061125
JOR,2006,4453.65382867002
JOR,2005,4408.27026105826
JOR,2004,4183.8510536142
JOR,2003,3951.04104562456
JOR,2002,3879.88374913327
JOR,2001,3747.46493752767
JOR,2000,3635.29215802348
KAZ,2020,10974.2446417632
KAZ,2019,11402.7584159346
KAZ,2018,11053.3604174846
KAZ,2017,10758.519283328
KAZ,2016,10476.3460131011
KAZ,2015,10510.7703240885
KAZ,2014,10539.0431112088
KAZ,2013,10264.2965375121
KAZ,2012,9823.69243491276
KAZ,2011,9506.73263871271
KAZ,2010,8979.330947436
KAZ,2009,8487.54356652611
KAZ,2008,8554.82229960329
KAZ,2007,8438.10338910935
KAZ,2006,7837.62797840829
KAZ,2005,7155.34259790868
KAZ,2004,6580.88406904835
KAZ,2003,6046.32711714622
KAZ,2002,5550.50480543094
KAZ,2001,5055.3131136336
KAZ,2000,4446.45187083495
KEN,2020,1616.50240405855
KEN,2019,1653.82898526646
KEN,2018,1604.80293212228
KEN,2017,1550.20345743472
KEN,2016,1525.74355131991
KEN,2015,1496.65357260021
KEN,2014,1457.54306554413
KEN,2013,1420.07869248789
KEN,2012,1401.49082469925
KEN,2011,1374.54424573528
KEN,2010,1342.76870217303
KEN,2009,1278.14090191776
KEN,2008,1274.4046794224
KEN,2007,1309.89563901188
KEN,2006,1262.81466607018
KEN,2005,1221.85928949545
KEN,2004,1188.57071122139
KEN,2003,1165.16610267167
KEN,2002,1166.06528596172
KEN,2001,1195.44377789615
KEN,2000,1187.32581048865
KIR,2020,1785.56319296829
KIR,2019,1829.22305681577
KIR,2018,1799.26863966721
KIR,2017,1767.13800457668
KIR,2016,1733.24568494058
KIR,2015,1641.48097739743
KIR,2014,1495.0228297681
KIR,2013,1497.82425789761
KIR,2012,1416.12799593833
KIR,2011,1359.08867921153
KIR,2010,1335.48357998429
KIR,2009,1346.92559616311
KIR,2008,1366.21889489021
KIR,2007,1435.42799677104
KIR,2006,1419.22517936268
KIR,2005,1365.34557591287
KIR,2004,1377.73278375885
KIR,2003,1413.53705381817
KIR,2002,1466.28362384642
KIR,2001,1472.41686548432
KIR,2000,1549.88226912906
PRK,2020,NA
PRK,2019,NA
PRK,2018,NA
PRK,2017,NA
PRK,2016,NA
PRK,2015,NA
PRK,2014,NA
PRK,2013,NA
PRK,2012,NA
PRK,2011,NA
PRK,2010,NA
PRK,2009,NA
PRK,2008,NA
PRK,2007,NA
PRK,2006,NA
PRK,2005,NA
PRK,2004,NA
PRK,2003,NA
PRK,2002,NA
PRK,2001,NA
PRK,2000,NA
KOR,2020,31378.1579340648
KOR,2019,31645.9498343307
KOR,2018,31059.2668087927
KOR,2017,30312.8888500809
KOR,2016,29467.124342556
KOR,2015,28737.4391706499
KOR,2014,28100.0102759544
KOR,2013,27399.6159477521
KOR,2012,26680.275444870502
KOR,2011,26191.6442615421
KOR,2010,25455.6174843658
KOR,2009,23952.8132191069
KOR,2008,23887.0595538423
KOR,2007,23365.1402064812
KOR,2006,22196.2077459266
KOR,2005,21197.1990880347
KOR,2004,20364.7599656771
KOR,2003,19435.4934104303
KOR,2002,18940.3842233935
KOR,2001,17684.0503773277
KOR,2000,16995.5591864626
XKX,2020,3990.9862599761
XKX,2019,4219.09759907177
XKX,2018,4009.12363850589
XKX,2017,3890.21282577888
XKX,2016,3739.19876220536
XKX,2015,3520.78207462478
XKX,2014,3279.05574083288
XKX,2013,3163.47537480745
XKX,2012,3021.38486470334
XKX,2011,2983.34785473473
XKX,2010,2816.61848817487
XKX,2009,2676.7074796279
XKX,2008,2540.05616290535
XKX,2007,NA
XKX,2006,NA
XKX,2005,NA
XKX,2004,NA
XKX,2003,NA
XKX,2002,NA
XKX,2001,NA
XKX,2000,NA
KWT,2020,25353.2404422938
KWT,2019,26278.7396325411
KWT,2018,26664.6487904648
KWT,2017,27244.48726202
KWT,2016,29134.3725685209
KWT,2015,29315.1931019553
KWT,2014,30282.5425613237
KWT,2013,31082.4120294043
KWT,2012,33009.1165077544
KWT,2011,33427.8202974387
KWT,2010,32568.6750419922
KWT,2009,35123.2559637109
KWT,2008,39859.8941020972
KWT,2007,41132.2056491121
KWT,2006,41161.0155167096
KWT,2005,40476.3175392751
KWT,2004,37986.1375760404
KWT,2003,35309.7927190879
KWT,2002,30891.3152671296
KWT,2001,30825.8998857764
KWT,2000,31662.8325207947
KGZ,2020,1117.70384799462
KGZ,2019,1226.82431155612
KGZ,2018,1197.61057526025
KGZ,2017,1177.43858999436
KGZ,2016,1146.10307867056
KGZ,2015,1121.08269597662
KGZ,2014,1101.70519542611
KGZ,2013,1080.54809637585
KGZ,2012,993.737299943137
KGZ,2011,1011.31540362314
KGZ,2010,966.150610164694
KGZ,2009,982.377051303891
KGZ,2008,966.41524049671
KGZ,2007,900.025402369867
KGZ,2006,837.133695295453
KGZ,2005,820.715878322801
KGZ,2004,831.484221457134
KGZ,2003,786.351722322768
KGZ,2002,742.443596179534
KGZ,2001,749.41968774501
KGZ,2000,718.337259756058
LAO,2020,2539.12433769357
LAO,2019,2564.01946515237
LAO,2018,2467.95557992654
LAO,2017,2358.37249045474
LAO,2016,2240.41618173337
LAO,2015,2125.4589005996
LAO,2014,2009.82538567813
LAO,2013,1893.32648776004
LAO,2012,1777.4100825357
LAO,2011,1669.06629214341
LAO,2010,1567.57751259402
LAO,2009,1466.08897901793
LAO,2008,1384.68933917621
LAO,2007,1304.29230759592
LAO,2006,1231.5189507389
LAO,2005,1151.93016708144
LAO,2004,1091.30077746555
LAO,2003,1040.33324188636
LAO,2002,995.341607477281
LAO,2001,954.430327719172
LAO,2000,917.288670872879
LVA,2020,15312.3350649782
LVA,2019,15759.0818388809
LVA,2018,15558.4920048315
LVA,2017,14845.3348946383
LVA,2016,14242.5726741319
LVA,2015,13786.4567953114
LVA,2014,13162.6545599056
LVA,2013,12795.8782909892
LVA,2012,12410.3652614992
LVA,2011,11450.9767983716
LVA,2010,10962.2315251539
LVA,2009,11237.1089285212
LVA,2008,12891.4423439709
LVA,2007,13185.0693240034
LVA,2006,11895.2750583575
LVA,2005,10526.4522506693
LVA,2004,9405.06172211095
LVA,2003,8591.26791254397
LVA,2002,7847.64536792469
LVA,2001,7243.56297995178
LVA,2000,6725.33754041856
LBN,2020,6485.72603986915
LBN,2019,8081.74334362085
LBN,2018,8435.63735402702
LBN,2017,8374.74035900031
LBN,2016,8101.70966835667
LBN,2015,7802.75136769776
LBN,2014,7921.0802355822
LBN,2013,8539.56607828988
LBN,2012,9019.69822923935
LBN,2011,9026.4717227136
LBN,2010,9037.08580879125
LBN,2009,8445.10247039192
LBN,2008,7760.76584698942
LBN,2007,7230.85858889228
LBN,2006,6740.74187745932
LBN,2005,6747.71185952593
LBN,2004,6669.25306904325
LBN,2003,6348.80648465667
LBN,2002,6230.74603429012
LBN,2001,6103.3943112551
LBN,2000,5970.97454627471
LSO,2020,944.247169219343
LSO,2019,1033.37116391748
LSO,2018,1061.43805871852
LSO,2017,1090.9903030035
LSO,2016,1140.38787362097
LSO,2015,1113.83683453612
LSO,2014,1092.09426551971
LSO,2013,1084.75668926126
LSO,2012,1075.6232973802
LSO,2011,1020.01037469668
LSO,2010,982.196851492105
LSO,2009,939.334708688066
LSO,2008,958.010597915718
LSO,2007,913.151554868226
LSO,2006,879.410653579597
LSO,2005,843.445694361979
LSO,2004,811.921863392413
LSO,2003,795.346787298798
LSO,2002,758.947156048133
LSO,2001,752.76239711574
LSO,2000,727.180765900241
LBR,2020,612.38424757045
LBR,2019,644.162065213927
LBR,2018,673.411391957645
LBR,2017,678.579144139741
LBR,2016,675.059610609385
LBR,2015,699.662946853965
LBR,2014,714.182489983352
LBR,2013,723.95918426021
LBR,2012,680.790012196002
LBR,2011,653.101870655313
LBR,2010,627.805378599434
LBR,2009,609.120596541239
LBR,2008,596.984292458089
LBR,2007,580.35273604346
LBR,2006,557.024626323936
LBR,2005,545.398063059969
LBR,2004,541.908673590868
LBR,2003,534.45395268089
LBR,2002,771.234966433168
LBR,2001,762.946664857397
LBR,2000,763.426872528757
LBY,2020,4041.63593005993
LBY,2019,9821.66173227168
LBY,2018,10595.2457532247
LBY,2017,9968.91507857088
LBY,2016,7639.23189642653
LBY,2015,7867.51493141091
LBY,2014,8057.29953981597
LBY,2013,10666.7153361027
LBY,2012,13263.4884911645
LBY,2011,6734.22501177621
LBY,2010,12925.5723670963
LBY,2009,12561.900507228
LBY,2008,13418.1930724934
LBY,2007,13729.1602887951
LBY,2006,13191.8687978311
LBY,2005,12673.9172586896
LBY,2004,11628.698789372
LBY,2003,11423.0941445876
LBY,2002,10364.2657224622
LBY,2001,10721.2911891482
LBY,2000,11170.1288516976
LIE,2020,NA
LIE,2019,NA
LIE,2018,NA
LIE,2017,NA
LIE,2016,NA
LIE,2015,167809.269874833
LIE,2014,NA
LIE,2013,NA
LIE,2012,NA
LIE,2011,NA
LIE,2010,NA
LIE,2009,NA
LIE,2008,NA
LIE,2007,NA
LIE,2006,NA
LIE,2005,NA
LIE,2004,NA
LIE,2003,NA
LIE,2002,NA
LIE,2001,NA
LIE,2000,NA
LTU,2020,17247.543693303902
LTU,2019,17256.4081521908
LTU,2018,16443.5852875776
LTU,2017,15661.9962536775
LTU,2016,14810.2517786273
LTU,2015,14263.9645773495
LTU,2014,13850.0001271199
LTU,2013,13262.3344620771
LTU,2012,12678.6926859879
LTU,2011,12046.7213858694
LTU,2010,11106.9502145424
LTU,2009,10699.7894581629
LTU,2008,12425.3980999207
LTU,2007,11984.9232941064
LTU,2006,10659.4002106998
LTU,2005,9766.48764716509
LTU,2004,8919.08174949012
LTU,2003,8275.80344758031
LTU,2002,7424.39482424481
LTU,2001,6899.23683441212
LTU,2000,6423.42067622444
LUX,2020,104616.03467801
LUX,2019,107350.626687276
LUX,2018,106376.783565763
LUX,2017,107142.127556443
LUX,2016,108351.452158933
LUX,2015,105462.012584423
LUX,2014,105583.937014123
LUX,2013,105338.956059283
LUX,2012,104487.744238704
LUX,2011,105290.249048827
LUX,2010,106544.057241723
LUX,2009,104574.349887682
LUX,2008,110094.792338745
LUX,2007,112417.878458001
LUX,2006,105614.179863952
LUX,2005,101222.045664401
LUX,2004,100292.568479162
LUX,2003,97597.9969176553
LUX,2002,96269.5793851216
LUX,2001,94243.7073233917
LUX,2000,92527.7118069642
MAC,2020,34410.3457997943
MAC,2019,76789.4065769928
MAC,2018,80342.5875773682
MAC,2017,76970.2682119038
MAC,2016,71394.8611441461
MAC,2015,73220.6355551661
MAC,2014,95001.4822041092
MAC,2013,98752.2289204409
MAC,2012,90787.6086775838
MAC,2011,84818.7166340753
MAC,2010,71457.9169903019
MAC,2009,58611.7503229623
MAC,2008,59403.8700009709
MAC,2007,58983.6987069531
MAC,2006,52907.2260844044
MAC,2005,47924.1591753166
MAC,2004,45563.7868050788
MAC,2003,36992.7240489276
MAC,2002,34083.774269273
MAC,2001,32046.5584930022
MAC,2000,31668.0219855995
MDG,2020,433.838239991494
MDG,2019,478.926961352974
MDG,2018,470.423898266865
MDG,2017,467.655067624663
MDG,2016,461.736048112361
MDG,2015,455.63803458407
MDG,2014,453.383414241637
MDG,2013,450.412085258455
MDG,2012,452.205008433058
MDG,2011,451.127504641527
MDG,2010,456.729207078845
MDG,2009,467.115644011521
MDG,2008,500.78247263489
MDG,2007,483.145271398512
MDG,2006,470.6185887303
MDG,2005,459.774982591233
MDG,2004,451.921226359558
MDG,2003,442.103229664323
MDG,2002,414.687336442666
MDG,2001,487.661102523517
MDG,2000,474.139021914094
MWI,2020,562.783038786531
MWI,2019,573.400114038594
MWI,2018,558.560452702602
MWI,2017,549.626301700128
MWI,2016,542.925737032349
MWI,2015,544.276872741836
MWI,2014,544.26379390838
MWI,2013,529.850409820553
MWI,2012,516.963208289501
MWI,2011,521.899796859343
MWI,2010,511.818289897155
MWI,2009,492.948011987358
MWI,2008,468.467374149172
MWI,2007,447.922770233085
MWI,2006,420.438603998222
MWI,2005,412.982043419833
MWI,2004,411.004079534622
MWI,2003,400.300949372115
MWI,2002,388.445924563495
MWI,2001,391.442073444242
MWI,2000,421.819458196975
MYS,2020,10382.7274795282
MYS,2019,11114.5605305734
MYS,2018,10777.7665213518
MYS,2017,10416.0416934375
MYS,2016,9984.16368060234
MYS,2015,9699.60046342736
MYS,2014,9369.10215840487
MYS,2013,8976.5456139839
MYS,2012,8711.29585407121
MYS,2011,8393.9629789131
MYS,2010,8101.4071201944
MYS,2009,7675.23810293464
MYS,2008,7948.94761893736
MYS,2007,7742.57802549995
MYS,2006,7444.02673539705
MYS,2005,7209.61711044747
MYS,2004,7004.13774579999
MYS,2003,6716.64325815606
MYS,2002,6506.11792732392
MYS,2001,6330.62825424567
MYS,2000,6461.99127331693
MDV,2020,7164.30738408638
MDV,2019,10888.6445610502
MDV,2018,10453.6355243607
MDV,2017,9972.37713599052
MDV,2016,9688.2482786421
MDV,2015,9480.43151261807
MDV,2014,9530.5884472225
MDV,2013,9194.11557772168
MDV,2012,8888.11483316616
MDV,2011,8986.62579347606
MDV,2010,8571.55991135883
MDV,2009,8311.3452332782
MDV,2008,9376.07864045972
MDV,2007,8914.61439609165
MDV,2006,8605.69369789228
MDV,2005,7129.63211195842
MDV,2004,8160.75367745926
MDV,2003,7839.55955779874
MDV,2002,7008.44748735743
MDV,2001,6646.35009879897
MDV,2000,7037.1977249877
MLI,2020,745.885984785402
MLI,2019,779.326624981433
MLI,2018,767.571595521859
MLI,2017,756.428073205064
MLI,2016,741.797634683131
MLI,2015,723.504204947663
MLI,2014,703.231034477626
MLI,2013,677.861141016751
MLI,2012,682.287844188171
MLI,2011,708.418672479958
MLI,2010,708.930473940785
MLI,2009,695.39448652741
MLI,2008,685.460670564343
MLI,2007,676.080031773356
MLI,2006,675.188949468141
MLI,2005,666.794421867006
MLI,2004,646.928049650012
MLI,2003,658.142718821535
MLI,2002,622.796722894514
MLI,2001,623.266374437479
MLI,2000,556.77239407158
MLT,2020,26071.2199006125
MLT,2019,29021.3357939207
MLT,2018,28177.5495393975
MLT,2017,27164.3004165602
MLT,2016,25181.477100564
MLT,2015,24921.7141769982
MLT,2014,23286.2264514326
MLT,2013,22071.0651510994
MLT,2012,21221.6057063718
MLT,2011,20566.4277747482
MLT,2010,20557.7377488972
MLT,2009,19573.8579946305
MLT,2008,19948.1713924858
MLT,2007,19338.4306191148
MLT,2006,18521.638379981
MLT,2005,18134.0520355123
MLT,2004,17652.7181167607
MLT,2003,17746.7846758302
MLT,2002,17164.5983933947
MLT,2001,16860.522964945
MLT,2000,17189.5654940777
MHL,2020,5066.00583867987
MHL,2019,5061.10371299857
MHL,2018,4460.33625015969
MHL,2017,4114.26098668513
MHL,2016,3872.45264574098
MHL,2015,3708.21556179322
MHL,2014,3559.24306218188
MHL,2013,3535.50201525364
MHL,2012,3356.67607994496
MHL,2011,3351.88103366701
MHL,2010,3331.09111937288
MHL,2009,3148.59316908809
MHL,2008,3023.72231107065
MHL,2007,3260.61584095409
MHL,2006,3143.01611259668
MHL,2005,3128.6833167245
MHL,2004,3068.29118067276
MHL,2003,3086.39187270541
MHL,2002,3135.18415530569
MHL,2001,3029.80891389265
MHL,2000,2843.32580431333
MRT,2020,1588.36203400464
MRT,2019,1635.83999676974
MRT,2018,1628.03885516365
MRT,2017,1595.23327567391
MRT,2016,1541.16287756286
MRT,2015,1562.72683648828
MRT,2014,1522.75911860633
MRT,2013,1499.43182362194
MRT,2012,1481.9780029115
MRT,2011,1463.59492239454
MRT,2010,1448.0233220059
MRT,2009,1452.17875148954
MRT,2008,1490.81766626765
MRT,2007,1533.63381372064
MRT,2006,1601.14283308699
MRT,2005,1384.01429519465
MRT,2004,1303.27169193052
MRT,2003,1271.67511795702
MRT,2002,1215.2512697343
MRT,2001,1224.6807669845
MRT,2000,1265.16042472798
MUS,2020,9362.87435896817
MUS,2019,10956.9450226163
MUS,2018,10652.4836886859
MUS,2017,10247.6960577758
MUS,2016,9868.32716641952
MUS,2015,9507.87133656424
MUS,2014,9181.61575362564
MUS,2013,8859.2121832294
MUS,2012,8591.96715947096
MUS,2011,8324.78328337964
MUS,2010,8011.45517219702
MUS,2009,7693.76434353874
MUS,2008,7466.69465771689
MUS,2007,7110.69493851624
MUS,2006,6756.22955969517
MUS,2005,6472.87388554741
MUS,2004,6397.59346169031
MUS,2003,6170.64876733851
MUS,2002,5867.77362995049
MUS,2001,5814.74834570012
MUS,2000,5671.0295504201
MEX,2020,9279.04949552593
MEX,2019,10228.980944107
MEX,2018,10343.3534302908
MEX,2017,10240.3104275695
MEX,2016,10161.3557094782
MEX,2015,10098.173182095
MEX,2014,9947.88602513395
MEX,2013,9826.13238859065
MEX,2012,9872.292522087
MEX,2011,9667.6266461078
MEX,2010,9480.13530830982
MEX,2009,9151.76956653183
MEX,2008,9888.13944476457
MEX,2007,9920.68784122208
MEX,2006,9847.51282216971
MEX,2005,9524.7424370497
MEX,2004,9461.92375619686
MEX,2003,9271.44031997141
MEX,2002,9300.11740023791
MEX,2001,9464.99502583147
MEX,2000,9655.60249855758
FSM,2020,2918.51606374186
FSM,2019,2996.31730468653
FSM,2018,2890.49300548105
FSM,2017,2903.55427515175
FSM,2016,2893.08194960448
FSM,2015,2891.32210264749
FSM,2014,2774.69471408479
FSM,2013,2851.03543413615
FSM,2012,2970.26518835138
FSM,2011,3036.44849382715
FSM,2010,2950.79872636978
FSM,2009,2878.11138616251
FSM,2008,2825.09585444952
FSM,2007,2872.93413245672
FSM,2006,2906.26900346369
FSM,2005,2891.87328761566
FSM,2004,2821.34187864956
FSM,2003,2901.44991985215
FSM,2002,2851.77205057009
FSM,2001,2837.37254819023
FSM,2000,2783.11617688558
MDA,2020,3188.91691602699
MDA,2019,3438.67732670712
MDA,2018,3267.9961042872
MDA,2017,3085.33305844263
MDA,2016,2910.95486872376
MDA,2015,2749.55137054338
MDA,2014,2737.80185056647
MDA,2013,2605.85029986142
MDA,2012,2389.08666147529
MDA,2011,2402.94446306051
MDA,2010,2269.51116145996
MDA,2009,2116.94357544097
MDA,2008,2249.22589719372
MDA,2007,2082.51260097669
MDA,2006,2017.17730062908
MDA,2005,1919.44550763748
MDA,2004,1781.19145323724
MDA,2003,1654.36629303195
MDA,2002,1547.57421231612
MDA,2001,1432.2768928234
MDA,2000,1346.9156717656101
MCO,2020,166822.571755127
MCO,2019,191194.562185505
MCO,2018,178571.347957464
MCO,2017,168744.994245276
MCO,2016,173916.315783045
MCO,2015,170338.680381498
MCO,2014,165362.509615774
MCO,2013,157257.894015605
MCO,2012,146511.948802869
MCO,2011,148269.833440103
MCO,2010,141743.742237028
MCO,2009,142205.995539685
MCO,2008,163097.966733688
MCO,2007,162098.943453973
MCO,2006,140815.152408156
MCO,2005,132564.736089156
MCO,2004,129740.548672864
MCO,2003,126299.168001323
MCO,2002,124670.345647476
MCO,2001,123183.004831338
MCO,2000,120467.808533196
MNG,2020,4106.60268340307
MNG,2019,4385.11167680522
MNG,2018,4242.30022157508
MNG,2017,4023.78562311837
MNG,2016,3892.65220400112
MNG,2015,3919.35121343969
MNG,2014,3909.91331954702
MNG,2013,3697.60133986287
MNG,2012,3374.43838312918
MNG,2011,3057.31725486018
MNG,2010,2646.56167654317
MNG,2009,2521.5945282286
MNG,2008,2585.82477848101
MNG,2007,2400.22509316356
MNG,2006,2197.6947830343
MNG,2005,2041.86849401263
MNG,2004,1919.75715306035
MNG,2003,1750.19045781054
MNG,2002,1649.93882429938
MNG,2001,1589.40371767026
MNG,2000,1557.43844017552
MNE,2020,6515.53680560451
MNE,2019,7684.18397197185
MNE,2018,7381.80764032937
MNE,2017,7023.43381181246
MNE,2016,6707.85041020824
MNE,2015,6517.19267514764
MNE,2014,6307.01856129174
MNE,2013,6202.50670294785
MNE,2012,5995.77445120446
MNE,2011,6168.84838637415
MNE,2010,5982.19928466066
MNE,2009,5833.65954418904
MNE,2008,6205.8212472095
MNE,2007,5798.06497333447
MNE,2006,5435.88622103627
MNE,2005,5013.1959009921
MNE,2004,4819.14785988608
MNE,2003,4623.0760644615
MNE,2002,4529.12330572995
MNE,2001,4462.34990117884
MNE,2000,4431.60047014419
MAR,2020,3081.662109375
MAR,2019,3355.61328125
MAR,2018,3296.19409179688
MAR,2017,3234.75170898438
MAR,2016,3116.56298828125
MAR,2015,3139.22827148438
MAR,2014,3047.13110351563
MAR,2013,3006.31689453125
MAR,2012,2927.29077148438
MAR,2011,2879.9443359375
MAR,2010,2766.921875
MAR,2009,2709.4091796875
MAR,2008,2646.06469726563
MAR,2007,2536.77734375
MAR,2006,2484.974609375
MAR,2005,2336.50341796875
MAR,2004,2295.01538085938
MAR,2003,2222.93701171875
MAR,2002,2120.13110351563
MAR,2001,2070.84765625
MAR,2000,1948.35461425781
MOZ,2020,584.314962076344
MOZ,2019,608.96363276244
MOZ,2018,612.599028645783
MOZ,2017,609.673549078088
MOZ,2016,612.724515323393
MOZ,2015,603.838513777915
MOZ,2014,579.642369195999
MOZ,2013,554.960755897719
MOZ,2012,536.990103623469
MOZ,2011,512.456395345933
MOZ,2010,492.567572391021
MOZ,2009,474.835717835762
MOZ,2008,460.387399376419
MOZ,2007,442.197515842164
MOZ,2006,421.562874007733
MOZ,2005,393.510954761018
MOZ,2004,379.858366403334
MOZ,2003,360.343788841539
MOZ,2002,344.927517545918
MOZ,2001,322.704256828301
MOZ,2000,293.231895626377
MMR,2020,1291.40780889804
MMR,2019,1430.13634322583
MMR,2018,1351.38830035161
MMR,2017,1280.85424337536
MMR,2016,1216.01262766582
MMR,2015,1157.78396112581
MMR,2014,1090.83255547564
MMR,2013,1016.88780960663
MMR,2012,945.896792699941
MMR,2011,888.773838872996
MMR,2010,848.586717610603
MMR,2009,779.93880510496
MMR,2008,709.653468748701
MMR,2007,647.416708532607
MMR,2006,582.391011962396
MMR,2005,518.969582121269
MMR,2004,460.690672412736
MMR,2003,409.244137850736
MMR,2002,362.912395341764
MMR,2001,327.231680831126
MMR,2000,296.967689814803
NAM,2020,4152.1806478348
NAM,2019,4596.61957617524
NAM,2018,4714.45251824565
NAM,2017,4746.18332934152
NAM,2016,4880.44503754673
NAM,2015,4965.67276506551
NAM,2014,4846.88951171527
NAM,2013,4648.31715108154
NAM,2012,4476.41435333873
NAM,2011,4330.94402948598
NAM,2010,4186.04214686402
NAM,2009,4007.48526568225
NAM,2008,4053.21999889968
NAM,2007,4001.70898825704
NAM,2006,3845.28837409643
NAM,2005,3634.62032588633
NAM,2004,3587.83872520559
NAM,2003,3235.74673698855
NAM,2002,3148.3527749676
NAM,2001,3056.46768315407
NAM,2000,3082.7592074118
NRU,2020,7346.67044815047
NRU,2019,7341.86820571878
NRU,2018,6881.75424235268
NRU,2017,7084.35099592623
NRU,2016,7726.69356677306
NRU,2015,7587.25441038889
NRU,2014,7500.7346970579
NRU,2013,6623.94105182962
NRU,2012,6513.88573476439
NRU,2011,5319.98039390665
NRU,2010,4656.95253437898
NRU,2009,4660.59326732875
NRU,2008,4929.92813618685
NRU,2007,2800.75783505059
NRU,2006,2929.67575186107
NRU,2005,3194.75529986863
NRU,2004,3460.9470903175
NRU,2003,3613.86839037645
NRU,2002,3601.17285883406
NRU,2001,3995.39820307639
NRU,2000,4279.33447654172
NPL,2020,1018.10791076278
NPL,2019,1061.48627550472
NPL,2018,1006.60690701003
NPL,2017,946.042555977729
NPL,2016,878.150386680885
NPL,2015,882.30766159992
NPL,2014,853.148048376533
NPL,2013,807.136938885908
NPL,2012,781.103870872917
NPL,2011,748.012492593826
NPL,2010,726.055277363494
NPL,2009,696.142765701755
NPL,2008,669.556540328081
NPL,2007,635.000081215644
NPL,2006,618.559290898044
NPL,2005,603.748845923187
NPL,2004,589.757614155096
NPL,2003,570.419573044065
NPL,2002,556.368230267549
NPL,2001,564.075425166893
NPL,2000,546.931624056656
NLD,2020,46303.21886247
NLD,2019,48443.7320540283
NLD,2018,47826.8191172843
NLD,2017,46997.3454541962
NLD,2016,45938.7850440865
NLD,2015,45193.4032187971
NLD,2014,44521.8945390276
NLD,2013,44055.3042590473
NLD,2012,44242.9735261304
NLD,2011,44869.3129413094
NLD,2010,44390.5044098134
NLD,2009,44027.6025577706
NLD,2008,45939.1481987846
NLD,2007,45138.678436798
NLD,2006,43592.3027449221
NLD,2005,42201.7754133082
NLD,2004,41450.4042697266
NLD,2003,40785.1222216206
NLD,2002,40914.3255026768
NLD,2001,41087.042173269
NLD,2000,40456.9422374474
NCL,2020,NA
NCL,2019,NA
NCL,2018,NA
NCL,2017,NA
NCL,2016,NA
NCL,2015,32428.5722348241
NCL,2014,NA
NCL,2013,NA
NCL,2012,NA
NCL,2011,NA
NCL,2010,NA
NCL,2009,NA
NCL,2008,NA
NCL,2007,NA
NCL,2006,NA
NCL,2005,NA
NCL,2004,NA
NCL,2003,NA
NCL,2002,NA
NCL,2001,NA
NCL,2000,NA
NZL,2020,39596.5266174221
NZL,2019,40651.9744673101
NZL,2018,40350.9122003744
NZL,2017,39691.2133196719
NZL,2016,39197.327525871
NZL,2015,38639.3501941427
NZL,2014,38014.6435529728
NZL,2013,37252.7570550478
NZL,2012,36531.7484498327
NZL,2011,35910.4173636577
NZL,2010,35392.017344657
NZL,2009,35278.0407763656
NZL,2008,35651.0156373706
NZL,2007,36406.1408058787
NZL,2006,35659.59616566
NZL,2005,35120.7355126427
NZL,2004,34367.0062362204
NZL,2003,33511.5504913352
NZL,2002,32636.1375503767
NZL,2001,31713.1301772319
NZL,2000,30848.1860883256
NIC,2020,1904.49290359384
NIC,2019,1965.2754946487
NIC,2018,2052.13338335777
NIC,2017,2153.61273150083
NIC,2016,2087.69686355558
NIC,2015,2025.32477597575
NIC,2014,1960.68817803783
NIC,2013,1898.44293280725
NIC,2012,1835.94758377865
NIC,2011,1749.50436518209
NIC,2010,1669.94471773256
NIC,2009,1623.00144718308
NIC,2008,1702.69629855448
NIC,2007,1669.72530334893
NIC,2006,1611.37864991485
NIC,2005,1568.43367678941
NIC,2004,1523.14039582565
NIC,2003,1463.4711917234
NIC,2002,1444.87519030588
NIC,2001,1452.35699745063
NIC,2000,1429.73878900298
NER,2020,519.696077799466
NER,2019,520.934643318794
NER,2018,510.595514267758
NER,2017,494.635494276939
NER,2016,489.43381232354
NER,2015,481.111301105002
NER,2014,478.855153862414
NER,2013,466.33367598761
NER,2012,460.032236617561
NER,2011,432.297562301741
NER,2010,438.463882743882
NER,2009,419.173248786553
NER,2008,426.605680418062
NER,2007,410.803308076903
NER,2006,413.05596019196
NER,2005,404.280568914713
NER,2004,390.424823536521
NER,2003,403.064199429663
NER,2002,408.571358106071
NER,2001,403.176623559323
NER,2000,389.077522969398
NGA,2020,2401.1834151547
NGA,2019,2505.46223905246
NGA,2018,2512.08047529121
NGA,2017,2526.99960987237
NGA,2016,2570.95975900419
NGA,2015,2679.5542234874
NGA,2014,2677.49358113967
NGA,2013,2585.64719625123
NGA,2012,2490.21311115351
NGA,2011,2455.7464935376
NGA,2010,2397.32354525449
NGA,2009,2281.38634618286
NGA,2008,2170.05881613981
NGA,2007,2088.60443004583
NGA,2006,2013.27401094831
NGA,2005,1950.12236810153
NGA,2004,1882.1819862634
NGA,2003,1769.88223743289
NGA,2002,1693.74572675905
NGA,2001,1508.55359010266
NGA,2000,1462.53599651572
MKD,2020,5743.72649424581
MKD,2019,5961.58475399191
MKD,2018,5698.39334484489
MKD,2017,5510.81862920922
MKD,2016,5429.94678358359
MKD,2015,5262.68671928674
MKD,2014,5053.75001236367
MKD,2013,4863.68088666968
MKD,2012,4708.05168535923
MKD,2011,4711.13027870081
MKD,2010,4582.36517512347
MKD,2009,4405.20045750867
MKD,2008,4392.5507164151
MKD,2007,4140.63354809364
MKD,2006,3866.74650622977
MKD,2005,3657.56307699216
MKD,2004,3473.76544811451
MKD,2003,3307.92040834712
MKD,2002,3240.11064526089
MKD,2001,3169.32514368931
MKD,2000,3283.37934095351
MNP,2020,14703.5116119755
MNP,2019,20796.0304233721
MNP,2018,23242.9254375819
MNP,2017,28549.3265760963
MNP,2016,22995.5274095066
MNP,2015,17665.1007493109
MNP,2014,16974.2784213627
MNP,2013,16204.5455998391
MNP,2012,15715.743349961
MNP,2011,15541.5541554155
MNP,2010,16294.5109198368
MNP,2009,15233.9434728666
MNP,2008,17565.5811849842
MNP,2007,18806.6229303343
MNP,2006,19235.4058294113
MNP,2005,19767.4536015717
MNP,2004,21739.0461402812
MNP,2003,21610.3654775378
MNP,2002,20827.8058048671
MNP,2001,NA
MNP,2000,NA
NOR,2020,75287.2059530897
NOR,2019,76712.2871258373
NOR,2018,76373.6241145297
NOR,2017,76247.4116556881
NOR,2016,75017.4944737055
NOR,2015,74809.9658049898
NOR,2014,74180.323865677
NOR,2013,73515.9144885958
NOR,2012,73661.6785918009
NOR,2011,72660.6754085214
NOR,2010,72804.3956195341
NOR,2009,73141.3073422967
NOR,2008,75535.2117892008
NOR,2007,76115.7066720983
NOR,2006,74729.7366063199
NOR,2005,73524.2549173583
NOR,2004,72090.9862919578
NOR,2003,69719.312268163
NOR,2002,69472.9836723066
NOR,2001,68899.5269042015
NOR,2000,67846.5968530147
OMN,2020,17662.242841682
OMN,2019,18044.2704535008
OMN,2018,18256.6531453301
OMN,2017,18260.005074704
OMN,2016,18799.808451388
OMN,2015,18777.4330589162
OMN,2014,18694.3109518924
OMN,2013,19387.0827691562
OMN,2012,19888.7538617435
OMN,2011,20142.1570523789
OMN,2010,21782.7993849554
OMN,2009,22879.5051595214
OMN,2008,21939.8474441524
OMN,2007,20629.8433742336
OMN,2006,20097.9004025076
OMN,2005,19418.0150470802
OMN,2004,19301.8067105688
OMN,2003,19347.5235160853
OMN,2002,20109.0545563731
OMN,2001,20581.2636060941
OMN,2000,19953.6751804852
PAK,2020,1578.42963292881
PAK,2019,1626.74886750576
PAK,2018,1612.83535268155
PAK,2017,1542.90407107682
PAK,2016,1497.1687223404101
PAK,2015,1421.83527830089
PAK,2014,1382.09420170009
PAK,2013,1346.28928139308
PAK,2012,1309.93700651874
PAK,2011,1294.5099834416
PAK,2010,1287.61577275395
PAK,2009,1297.46521935309
PAK,2008,1282.18797644956
PAK,2007,1283.2220507451
PAK,2006,1255.20728766216
PAK,2005,1208.68129012292
PAK,2004,1151.28040948054
PAK,2003,1091.8012375019
PAK,2002,1058.78056747887
PAK,2001,1058.22101408993
PAK,2000,1053.00430599792
PLW,2020,14597.3350379481
PLW,2019,15841.8786324375
PLW,2018,15744.7982137504
PLW,2017,15669.3657288433
PLW,2016,16263.4998699848
PLW,2015,16141.1696583338
PLW,2014,14705.775811301
PLW,2013,13959.2748499312
PLW,2012,14283.2811531905
PLW,2011,13879.0892575161
PLW,2010,12989.6613737328
PLW,2009,12907.9668517733
PLW,2008,13717.4324577965
PLW,2007,14317.0014094789
PLW,2006,13888.7648009355
PLW,2005,13757.310240383
PLW,2004,13252.3542460919
PLW,2003,12767.4367250649
PLW,2002,13211.9539109199
PLW,2001,12595.4658276215
PLW,2000,11887.8389933933
PAN,2020,12307.2592047015
PAN,2019,15166.8809024504
PAN,2018,14922.129988894
PAN,2017,14634.8425091306
PAN,2016,14099.9363298872
PAN,2015,13669.5594424097
PAN,2014,13155.4536690823
PAN,2013,12741.3804474508
PAN,2012,12130.2286354315
PAN,2011,11248.0034066621
PAN,2010,10286.2031072243
PAN,2009,9895.25478264183
PAN,2008,9952.91684092748
PAN,2007,9228.07256961336
PAN,2006,8394.74580907636
PAN,2005,7872.78549577504
PAN,2004,7486.27675100538
PAN,2003,7097.57755878524
PAN,2002,6943.42606040676
PAN,2001,6925.07865747694
PAN,2000,7021.54643625155
PNG,2020,2455.14534207974
PNG,2019,2590.49392420181
PNG,2018,2536.0831879568
PNG,2017,2603.01503310235
PNG,2016,2575.06751204141
PNG,2015,2502.07344498028
PNG,2014,2408.10830595741
PNG,2013,2177.0706517797
PNG,2012,2154.09993823073
PNG,2011,2116.22445966043
PNG,2010,2154.69445464368
PNG,2009,2016.18464007277
PNG,2008,1946.22852210304
PNG,2007,2013.19604224913
PNG,2006,1926.51327666388
PNG,2005,1886.52754878296
PNG,2004,1831.9435893979
PNG,2003,1842.61299167303
PNG,2002,1864.30219811136
PNG,2001,1930.87388641118
PNG,2000,1999.96936815413
PRY,2020,6095.39137530699
PRY,2019,6229.22489536642
PRY,2018,6338.51367820775
PRY,2017,6226.6854198333
PRY,2016,6025.09676890452
PRY,2015,5861.40189546648
PRY,2014,5774.58347856179
PRY,2013,5561.54847943636
PRY,2012,5207.02732375867
PRY,2011,5315.39391236744
PRY,2010,5163.47606911115
PRY,2009,4701.61676029504
PRY,2008,4761.87961160166
PRY,2007,4515.39953278976
PRY,2006,4326.10877723894
PRY,2005,4171.24516963126
PRY,2004,4129.77102450174
PRY,2003,4015.50074922072
PRY,2002,3897.78300059714
PRY,2001,3954.70131976569
PRY,2000,4056.23876960826
PER,2020,5750.20031072789
PER,2019,6550.44801531118
PER,2018,6530.42299765457
PER,2017,6400.03823201922
PER,2016,6337.5804925458
PER,2015,6180.11926810233
PER,2014,6056.03375673421
PER,2013,5977.18268761459
PER,2012,5701.60432063189
PER,2011,5421.33424796172
PER,2010,5142.01436640952
PER,2009,4782.54980811942
PER,2008,4764.07050170128
PER,2007,4397.05114700703
PER,2006,4083.20521094216
PER,2005,3828.85272923973
PER,2004,3635.15773870114
PER,2003,3497.35791425681
PER,2002,3392.99475052571
PER,2001,3255.59027835568
PER,2000,3279.35542986708
PHL,2020,3195.53888262264
PHL,2019,3589.61363648629
PHL,2018,3439.10052334951
PHL,2017,3289.47226809885
PHL,2016,3130.91064086023
PHL,2015,2974.29691673713
PHL,2014,2843.84360391676
PHL,2013,2717.67977655782
PHL,2012,2589.13439733684
PHL,2011,2464.68434755026
PHL,2010,2415.78357525384
PHL,2009,2291.62275958927
PHL,2008,2300.85610511211
PHL,2007,2246.68988734011
PHL,2006,2149.00626733381
PHL,2005,2079.33182909941
PHL,2004,2020.12970025553
PHL,2003,1933.6479796641
PHL,2002,1877.56165295031
PHL,2001,1848.01493812054
PHL,2000,1831.69920764816
POL,2020,14774.989199307
POL,2019,15053.2323676784
POL,2018,14408.384388723
POL,2017,13599.8180191148
POL,2016,12936.5732568387
POL,2015,12560.051419682
POL,2014,12024.6095070994
POL,2013,11571.6148487478
POL,2012,11466.4159300003
POL,2011,11291.9035865592
POL,2010,10755.6564372745
POL,2009,10419.2148703063
POL,2008,10139.1191437268
POL,2007,9731.76945440355
POL,2006,9084.94921446234
POL,2005,8554.69389731032
POL,2004,8261.2274414471
POL,2003,7864.51826399203
POL,2002,7593.55965522649
POL,2001,7438.60343541903
POL,2000,7344.12076059522
PRT,2020,19802.2289134663
PRT,2019,21617.411624379
PRT,2018,21057.6174784232
PRT,2017,20441.4858041084
PRT,2016,19700.9100016775
PRT,2015,19250.1065376852
PRT,2014,18833.0518281692
PRT,2013,18584.5540451703
PRT,2012,18654.9575281944
PRT,2011,19365.1816488681
PRT,2010,19670.3610686333
PRT,2009,19343.2800499088
PRT,2008,19985.6983319711
PRT,2007,19950.8440966199
PRT,2006,19501.2330070103
PRT,2005,19224.0346513314
PRT,2004,19110.3208431632
PRT,2003,18819.4437376393
PRT,2002,19067.6554332118
PRT,2001,19025.6956905388
PRT,2000,18795.0311479834
PRI,2020,28145.0053474362
PRI,2019,30181.1498485361
PRI,2018,29686.968854595
PRI,2017,29809.2349889347
PRI,2016,29961.5430101514
PRI,2015,29763.4883013861
PRI,2014,29554.5785374075
PRI,2013,29426.1119191935
PRI,2012,29180.366828561
PRI,2011,28820.9780542122
PRI,2010,28592.0775837897
PRI,2009,28565.767919716
PRI,2008,28976.1310397467
PRI,2007,29347.8460011415
PRI,2006,29519.7386832555
PRI,2005,29815.2164197823
PRI,2004,30375.7895781623
PRI,2003,27937.8165878003
PRI,2002,27940.3826166867
PRI,2001,27722.3671929856
PRI,2000,26131.963075211
QAT,2020,58476.1994319533
QAT,2019,59621.3816442612
QAT,2018,60080.696551117
QAT,2017,60551.0200448825
QAT,2016,64233.2622149736
QAT,2015,66984.9102002396
QAT,2014,69723.7273748036
QAT,2013,72012.5495510667
QAT,2012,72870.3737957496
QAT,2011,73493.2689544236
QAT,2010,68253.0658889652
QAT,2009,60730.1247769397
QAT,2008,60478.9035175353
QAT,2007,60261.4317478575
QAT,2006,61985.6992317129
QAT,2005,58757.9926687326
QAT,2004,59634.733773585
QAT,2003,51987.0992909458
QAT,2002,52606.1781648032
QAT,2001,51565.0475548591
QAT,2000,52157.7633475495
ROU,2020,10898.9214214222
ROU,2019,11252.8856152959
ROU,2018,10778.4483512826
ROU,2017,10106.0176071988
ROU,2016,9286.59615127044
ROU,2015,8976.9544892648
ROU,2014,8661.12203485529
ROU,2013,8287.24965704914
ROU,2012,8234.3046017006891
ROU,2011,8042.90341965965
ROU,2010,7657.54237921983
ROU,2009,7921.22001948902
ROU,2008,8314.23233540343
ROU,2007,7480.58078560976
ROU,2006,6873.66072276808
ROU,2005,6325.22128791304
ROU,2004,6005.91637665238
ROU,2003,5407.85551291129
ROU,2002,5246.17043689576
ROU,2001,4873.09281367075
ROU,2000,4567.23967694458
RUS,2020,9632.3251953125
RUS,2019,9882.0244140625
RUS,2018,9674.787109375
RUS,2017,9418.9140625
RUS,2016,9269.3193359375
RUS,2015,9277.7138671875
RUS,2014,9493.8125
RUS,2013,9601.537109375
RUS,2012,9464.0107421875
RUS,2011,9120.8203125
RUS,2010,8755.1201171875
RUS,2009,8381.8681640625
RUS,2008,9093.7001953125
RUS,2007,8640.40625
RUS,2006,7949.89697265625
RUS,2005,7323.38525390625
RUS,2004,6856.67822265625
RUS,2003,6370.45361328125
RUS,2002,5910.171875
RUS,2001,5618.95556640625
RUS,2000,5323.66650390625
RWA,2020,821.329261379564
RWA,2019,870.624098750541
RWA,2018,814.719960383902
RWA,2017,769.286201879047
RWA,2016,758.860236057421
RWA,2015,733.813379277367
RWA,2014,690.385844477624
RWA,2013,665.927846925102
RWA,2012,651.22535507744
RWA,2011,614.353691688382
RWA,2010,583.85359435356
RWA,2009,558.324271513843
RWA,2008,539.55101160381
RWA,2007,498.568768982404
RWA,2006,475.857695752469
RWA,2005,447.424676320357
RWA,2004,419.971375670188
RWA,2003,401.073544068691
RWA,2002,401.602905330255
RWA,2001,361.198504301408
RWA,2000,337.6274440287
WSM,2020,4223.58817209183
WSM,2019,4421.29454588713
WSM,2018,4277.34201549273
WSM,2017,4346.50459079704
WSM,2016,4329.72767085525
WSM,2015,4048.46711296568
WSM,2014,3933.41618244538
WSM,2013,3943.15999402887
WSM,2012,3975.0180776793
WSM,2011,4166.40723111133
WSM,2010,4046.58528710251
WSM,2009,3842.57597132629
WSM,2008,3891.48478167141
WSM,2007,3783.6762943531
WSM,2006,3787.22837144082
WSM,2005,3722.96866213879
WSM,2004,3501.44727053199
WSM,2003,3408.05637117681
WSM,2002,3253.26706678781
WSM,2001,3097.4868642359
WSM,2000,2908.1884721521
SMR,2020,41415.6669633221
SMR,2019,44143.0456414726
SMR,2018,43277.5014149123
SMR,2017,42765.6998158484
SMR,2016,42935.4173355122
SMR,2015,42281.8112549264
SMR,2014,41558.6988188836
SMR,2013,41983.4294674164
SMR,2012,42510.575475434904
SMR,2011,46628.6847002287
SMR,2010,52284.5443800116
SMR,2009,56289.8568729217
SMR,2008,63502.1267518131
SMR,2007,64511.0742209901
SMR,2006,61059.4768860734
SMR,2005,59705.9226374218
SMR,2004,59123.7885954779
SMR,2003,57524.1630552767
SMR,2002,56630.7159372401
SMR,2001,57764.6594684121
SMR,2000,55756.9622866732
STP,2020,1422.94882843561
STP,2019,1412.66966046381
STP,2018,1406.1033821349
STP,2017,1368.54514984246
STP,2016,1336.3470088619
STP,2015,1292.73305546523
STP,2014,1296.51159836976
STP,2013,1259.73243333738
STP,2012,1222.56440637853
STP,2011,1212.38187637471
STP,2010,1214.10630000585
STP,2009,1223.71345963847
STP,2008,1212.66886050699
STP,2007,1169.51683222418
STP,2006,1156.4787137018
STP,2005,1088.87159390482
STP,2004,1047.11107880631
STP,2003,1037.21261375161
STP,2002,982.860086153493
STP,2001,974.202948906735
STP,2000,961.968733399977
SAU,2020,19235.2422681203
SAU,2019,20044.268607689
SAU,2018,20284.795680432
SAU,2017,20130.2155980747
SAU,2016,20412.2317972204
SAU,2015,20442.3625620084
SAU,2014,19940.4831412099
SAU,2013,19600.7238416633
SAU,2012,19526.1095223715
SAU,2011,18936.1559554015
SAU,2010,17489.2292685608
SAU,2009,17192.6816215925
SAU,2008,18223.6736037842
SAU,2007,17825.6412984903
SAU,2006,18203.7417820185
SAU,2005,18425.0795184924
SAU,2004,17995.0493640486
SAU,2003,17036.382305887
SAU,2002,15671.733789485
SAU,2001,16518.8189382549
SAU,2000,17139.192992248
SEN,2020,1391.04695489477
SEN,2019,1409.97082080725
SEN,2018,1384.64207468007
SEN,2017,1339.56800118014
SEN,2016,1281.54612063228
SEN,2015,1238.12639978389
SEN,2014,1196.16430771783
SEN,2013,1157.11512984575
SEN,2012,1160.91753870308
SEN,2011,1147.09296053751
SEN,2010,1163.22758829564
SEN,2009,1155.992058669
SEN,2008,1155.55093097323
SEN,2007,1144.06782288587
SEN,2006,1142.29495622983
SEN,2005,1145.70763618967
SEN,2004,1126.63551243614
SEN,2003,1103.90288694304
SEN,2002,1071.45845067116
SEN,2001,1096.89542159808
SEN,2000,1076.89230450131
SRB,2020,6552.08439071824
SRB,2019,6567.90805482597
SRB,2018,6261.52570046486
SRB,2017,5959.52130391171
SRB,2016,5805.89806200667
SRB,2015,5588.9794435877
SRB,2014,5462.73477497385
SRB,2013,5524.96786533256
SRB,2012,5343.57882527263
SRB,2011,5354.20042915943
SRB,2010,5206.08676066596
SRB,2009,5147.56897325867
SRB,2008,5270.95832317372
SRB,2007,4967.61971551375
SRB,2006,4648.19702000642
SRB,2005,4404.95987537627
SRB,2004,4161.59520343493
SRB,2003,3808.09410250362
SRB,2002,3640.27502690207
SRB,2001,3418.78954035622
SRB,2000,3193.25900294056
SYC,2020,17048.361729788
SYC,2019,19481.6461053742
SYC,2018,18628.1862276696
SYC,2017,17921.5731976918
SYC,2016,16962.6753972731
SYC,2015,15333.1051727105
SYC,2014,14395.6158118771
SYC,2013,14050.3135581314
SYC,2012,14135.0010570653
SYC,2011,13843.7116081878
SYC,2010,12313.5566919249
SYC,2009,12116.3783687977
SYC,2008,12473.2921769121
SYC,2007,13112.8210098816
SYC,2006,12105.4475265558
SYC,2005,11297.3118190493
SYC,2004,10412.0868936027
SYC,2003,10677.9692081272
SYC,2002,11218.2606464315
SYC,2001,11427.9413083015
SYC,2000,11703.7535246117
SLE,2020,608.338120204502
SLE,2019,634.985615716206
SLE,2018,617.529519430669
SLE,2017,611.083994807401
SLE,2016,603.408938039901
SLE,2015,581.293411814954
SLE,2014,748.928417330152
SLE,2013,734.354168837521
SLE,2012,622.256768199373
SLE,2011,554.538642938214
SLE,2010,537.378976443652
SLE,2009,518.167904422153
SLE,2008,515.983575153055
SLE,2007,501.881016671066
SLE,2006,475.157147312293
SLE,2005,465.778404690118
SLE,2004,458.446874049514
SLE,2003,445.230359394452
SLE,2002,423.340981615189
SLE,2001,354.089391288994
SLE,2000,400.598934284692
SGP,2020,59144.3539186758
SGP,2019,61333.6563161696
SGP,2018,61216.1250918658
SGP,2017,59414.6549459103
SGP,2016,56899.485124515
SGP,2015,55645.6068614606
SGP,2014,54681.9336458253
SGP,2013,53298.9728558286
SGP,2012,51679.352717333
SGP,2011,50713.5326393594
SGP,2010,48752.0515441859
SGP,2009,43331.8746638962
SGP,2008,44601.5799302699
SGP,2007,46178.8139470199
SGP,2006,44159.4101820552
SGP,2005,41798.4880834671
SGP,2004,39856.6356222613
SGP,2003,36709.7965038255
SGP,2002,34598.8267483781
SGP,2001,33597.8690808226
SGP,2000,34890.0811365168
SXM,2020,29391.9908884203
SXM,2019,34507.7201076267
SXM,2018,31668.1363245556
SXM,2017,34280.3454755321
SXM,2016,36715.4916829871
SXM,2015,36519.9926615273
SXM,2014,37584.9804490121
SXM,2013,38089.8152723971
SXM,2012,39733.4998324653
SXM,2011,40600.9243087919
SXM,2010,38107.6275886335
SXM,2009,36729.7096639629
SXM,2008,NA
SXM,2007,NA
SXM,2006,NA
SXM,2005,NA
SXM,2004,NA
SXM,2003,NA
SXM,2002,NA
SXM,2001,NA
SXM,2000,NA
SVK,2020,17618.5013397047
SVK,2019,18240.9937197683
SVK,2018,17818.2341072167
SVK,2017,17151.652477668
SVK,2016,16687.9844571492
SVK,2015,16390.8821748507
SVK,2014,15600.3671671802
SVK,2013,15205.3955780546
SVK,2012,15126.0352987762
SVK,2011,14954.577975505
SVK,2010,14584.2606782101
SVK,2009,13679.0844080915
SVK,2008,14487.7065317766
SVK,2007,13734.4555495321
SVK,2006,12395.7521809663
SVK,2005,11425.9001472696
SVK,2004,10717.1731711207
SVK,2003,10177.7214189548
SVK,2002,9640.86530132502
SVK,2001,9221.521860824
SVK,2000,8914.59898415289
SVN,2020,22963.9334110233
SVN,2019,24142.0895708359
SVN,2018,23483.529124564
SVN,2017,22563.7589398118
SVN,2016,21541.176421949
SVN,2015,20890.1664304173
SVN,2014,20453.8333877187
SVN,2013,19922.474290455
SVN,2012,20157.0052544663
SVN,2011,20746.988405299
SVN,2010,20612.5895305308
SVN,2009,20428.1698595221
SVN,2008,22296.7049968231
SVN,2007,21574.7534360106
SVN,2006,20280.1519045957
SVN,2005,19239.3999078218
SVN,2004,18567.5622059245
SVN,2003,17803.3779818988
SVN,2002,17301.9338072883
SVN,2001,16736.6666048821
SVN,2000,16240.6568860495
SLB,2020,2079.54030646397
SLB,2019,2203.96286598146
SLB,2018,2217.81727876586
SLB,2017,2210.91151030765
SLB,2016,2197.98817788824
SLB,2015,2134.80541826155
SLB,2014,2153.33551212503
SLB,2013,2182.87688859711
SLB,2012,2127.58004418029
SLB,2011,2129.03211193063
SLB,2010,2030.66047615108
SLB,2009,1895.00980410625
SLB,2008,1884.48600757669
SLB,2007,1814.04960295072
SLB,2006,1790.0335649307
SLB,2005,1757.88964213206
SLB,2004,1674.55116518248
SLB,2003,1590.70567135502
SLB,2002,1527.93025970643
SLB,2001,1608.94123104855
SLB,2000,1790.37374903463
SOM,2020,511.879808826483
SOM,2019,543.612617001802
SOM,2018,543.977580741326
SOM,2017,547.622659113008
SOM,2016,520.069997904869
SOM,2015,507.482915467098
SOM,2014,477.339569475404
SOM,2013,459.704074340481
SOM,2012,488.156621194076
SOM,2011,465.897882178206
SOM,2010,443.571311371421
SOM,2009,426.252828746848
SOM,2008,409.462715564918
SOM,2007,395.051334416433
SOM,2006,381.701005970293
SOM,2005,369.329502869138
SOM,2004,356.738598146246
SOM,2003,345.312606513395
SOM,2002,332.667832210846
SOM,2001,320.681467327335
SOM,2000,311.383918769025
ZAF,2020,5748.89784488027
ZAF,2019,6188.70355773203
ZAF,2018,6253.11899645914
ZAF,2017,6233.18710776586
ZAF,2016,6185.74604725477
ZAF,2015,6204.92990145846
ZAF,2014,6252.31797718806
ZAF,2013,6263.10433363432
ZAF,2012,6194.99275876379
ZAF,2011,6130.97136731323
ZAF,2010,6018.23075370279
ZAF,2009,5910.78824576381
ZAF,2008,6074.94267195276
ZAF,2007,5954.16804814954
ZAF,2006,5708.82308621003
ZAF,2005,5458.23016635984
ZAF,2004,5233.86627685538
ZAF,2003,5052.90993956202
ZAF,2002,4953.7364473103
ZAF,2001,4820.64433895753
ZAF,2000,4735.66553181957
SSD,2020,NA
SSD,2019,NA
SSD,2018,NA
SSD,2017,NA
SSD,2016,NA
SSD,2015,1071.77776475545
SSD,2014,1199.42104478047
SSD,2013,1171.48237870724
SSD,2012,1074.654868133
SSD,2011,2082.35996433619
SSD,2010,2302.52029431863
SSD,2009,2297.36295133232
SSD,2008,2287.56504908164
SSD,2007,NA
SSD,2006,NA
SSD,2005,NA
SSD,2004,NA
SSD,2003,NA
SSD,2002,NA
SSD,2001,NA
SSD,2000,NA
ESP,2020,24829.6485910222
ESP,2019,28087.8979203438
ESP,2018,27739.8647682529
ESP,2017,27239.3524364815
ESP,2016,26514.3248119679
ESP,2015,25754.36102944
ESP,2014,24783.0829468685
ESP,2013,24368.9682370919
ESP,2012,24634.9620884239
ESP,2011,25402.6050717462
ESP,2010,25702.3468448149
ESP,2009,25778.9564650653
ESP,2008,27025.2949432871
ESP,2007,27218.4492597353
ESP,2006,26762.2672557942
ESP,2005,26145.8085786196
ESP,2004,25654.3365515924
ESP,2003,25310.4563874129
ESP,2002,25026.0864710207
ESP,2001,24707.3670736861
ESP,2000,23937.9685518675
LKA,2020,4229.74959441854
LKA,2019,4458.43442725849
LKA,2018,4495.71046284418
LKA,2017,4427.54255069831
LKA,2016,4174.63699572818
LKA,2015,3990.35311739446
LKA,2014,3846.82623839724
LKA,2013,3634.61702853361
LKA,2012,3512.13425627403
LKA,2011,3257.44744034531
LKA,2010,3025.30115104182
LKA,2009,2826.23541535354
LKA,2008,2756.12197984815
LKA,2007,2628.1568031565
LKA,2006,2486.64762174852
LKA,2005,2332.65231790321
LKA,2004,2216.27205437473
LKA,2003,2122.2151440587
LKA,2002,2023.39393567496
LKA,2001,1965.82091122656
LKA,2000,2011.98047068636
KNA,2020,18581.3806573826
KNA,2019,21919.7815215201
KNA,2018,21294.3919320404
KNA,2017,20865.6482479611
KNA,2016,20818.3420757743
KNA,2015,20029.759828881
KNA,2014,19892.1008189404
KNA,2013,18535.9832217722
KNA,2012,17549.4743129528
KNA,2011,17696.3648517856
KNA,2010,17480.2286956191
KNA,2009,17515.777090111
KNA,2008,18178.3673909476
KNA,2007,16399.6460710834
KNA,2006,16350.774129037
KNA,2005,15901.94282231
KNA,2004,14536.6210944054
KNA,2003,14022.8676239043
KNA,2002,14649.7174570403
KNA,2001,14539.4217963652
KNA,2000,13973.2505672094
LCA,2020,8321.25357437874
LCA,2019,11062.5352454558
LCA,2018,11178.8613288299
LCA,2017,10909.6702494073
LCA,2016,10597.8824218097
LCA,2015,10292.7335300088
LCA,2014,10330.4085611699
LCA,2013,10223.9811516766
LCA,2012,10484.634301965
LCA,2011,10555.7411281247
LCA,2010,10189.5655294429
LCA,2009,10230.6832658196
LCA,2008,10597.9753415291
LCA,2007,10161.9612139531
LCA,2006,10055.8288466956
LCA,2005,9531.25277412109
LCA,2004,9637.35896111175
LCA,2003,9050.1072323784
LCA,2002,8746.89221776866
LCA,2001,8775.97599798909
LCA,2000,9147.93739732534
MAF,2020,NA
MAF,2019,NA
MAF,2018,NA
MAF,2017,NA
MAF,2016,NA
MAF,2015,NA
MAF,2014,NA
MAF,2013,NA
MAF,2012,NA
MAF,2011,NA
MAF,2010,NA
MAF,2009,NA
MAF,2008,NA
MAF,2007,NA
MAF,2006,NA
MAF,2005,NA
MAF,2004,NA
MAF,2003,NA
MAF,2002,NA
MAF,2001,NA
MAF,2000,NA
VCT,2020,7940.45468563647
VCT,2019,8225.93643709591
VCT,2018,8144.15082058925
VCT,2017,7873.44203970602
VCT,2016,7730.67591072922
VCT,2015,7386.74663845115
VCT,2014,7157.82338507939
VCT,2013,7034.04090288865
VCT,2012,6824.78599236034
VCT,2011,6707.4425167714
VCT,2010,6711.00529437643
VCT,2009,6991.03304423014
VCT,2008,7058.14246280887
VCT,2007,6997.47439722418
VCT,2006,6735.77894225757
VCT,2005,6260.69047925972
VCT,2004,6078.02296963422
VCT,2003,5812.00811368855
VCT,2002,5431.07598246641
VCT,2001,5146.98910394809
VCT,2000,5050.90915138177
SDN,2020,1112.7216796875
SDN,2019,1186.90600585938
SDN,2018,1248.95727539063
SDN,2017,1324.982421875
SDN,2016,1359.1748046875
SDN,2015,1355.12609863281
SDN,2014,1371.69604492188
SDN,2013,1347.4755859375
SDN,2012,1352.86926269531
SDN,2011,1449.43676757813
SDN,2010,1362.701171875
SDN,2009,1351.802734375
SDN,2008,1434.08386230469
SDN,2007,1425.59375
SDN,2006,1392.07580566406
SDN,2005,1347.44567871094
SDN,2004,1312.67370605469
SDN,2003,1282.81799316406
SDN,2002,1239.50402832031
SDN,2001,1201.35119628906
SDN,2000,1160.33764648438
SUR,2020,7275.51159620534
SUR,2019,8756.33028870617
SUR,2018,8751.28397676744
SUR,2017,8426.03049835243
SUR,2016,8383.23003948867
SUR,2015,8907.83725830091
SUR,2014,9316.39198498832
SUR,2013,9387.14960649868
SUR,2012,9214.99181747904
SUR,2011,9070.51556472402
SUR,2010,8664.45727035674
SUR,2009,8331.57884081956
SUR,2008,8179.46315547805
SUR,2007,7943.17894604159
SUR,2006,7642.65101493012
SUR,2005,7305.32726713114
SUR,2004,7068.07610923191
SUR,2003,6602.18288741065
SUR,2002,6312.56816447397
SUR,2001,6244.84860724153
SUR,2000,6098.18607704988
SWE,2020,51952.6731328342
SWE,2019,53490.3518198746
SWE,2018,52983.0068617482
SWE,2017,52576.8102821051
SWE,2016,51955.8610703634
SWE,2015,51545.4836095322
SWE,2014,49855.301012313
SWE,2013,49048.8187500238
SWE,2012,48885.5484179725
SWE,2011,49539.9726076492
SWE,2010,48369.9100407876
SWE,2009,46043.4809449994
SWE,2008,48544.1158941036
SWE,2007,49145.1958332412
SWE,2006,47864.8108642309
SWE,2005,45990.3743263984
SWE,2004,44891.323206397
SWE,2003,43194.9261684047
SWE,2002,42377.119637975
SWE,2001,41601.3076782847
SWE,2000,41117.1524303504
CHE,2020,84637.0132313179
CHE,2019,87123.6604363226
CHE,2018,86756.6021294513
CHE,2017,84967.5885484699
CHE,2016,84611.0998479606
CHE,2015,83806.4476003837
CHE,2014,83394.3711423724
CHE,2013,82479.9215356402
CHE,2012,81964.8864216996
CHE,2011,81874.3361860796
CHE,2010,81315.4228645667
CHE,2009,79585.5215942023
CHE,2008,82481.068036134
CHE,2007,81254.1700504637
CHE,2006,78893.8077357762
CHE,2005,76282.9839647849
CHE,2004,74718.6836114474
CHE,2003,73254.952914928
CHE,2002,73824.3848823894
CHE,2001,74439.463600957
CHE,2000,73749.9388039148
SYR,2020,754.575939265083
SYR,2019,781.318333469391
SYR,2018,802.430209355374
SYR,2017,805.999576294994
SYR,2016,812.690278508957
SYR,2015,857.417884760688
SYR,2014,856.166233920089
SYR,2013,891.368635934704
SYR,2012,1150.08203011645
SYR,2011,1552.72113339159
SYR,2010,1536.26736988782
SYR,2009,1494.5892260765
SYR,2008,1434.36865607472
SYR,2007,1424.04006493819
SYR,2006,1435.71194427749
SYR,2005,1429.14351872873
SYR,2004,1382.68690566971
SYR,2003,1328.11594963607
SYR,2002,1271.15057613221
SYR,2001,1254.66760688078
SYR,2000,1273.66498240518
TJK,2020,1197.2106250504
TJK,2019,1172.07905437221
TJK,2018,1116.29302105025
TJK,2017,1060.99682347512
TJK,2016,1013.39117468785
TJK,2015,970.362547188452
TJK,2014,937.003412115775
TJK,2013,898.644267624329
TJK,2012,855.680040675314
TJK,2011,813.523394565951
TJK,2010,773.673871894232
TJK,2009,741.354128556998
TJK,2008,727.551285300019
TJK,2007,687.062106086385
TJK,2006,649.177034242198
TJK,2005,617.938830402477
TJK,2004,590.031123878776
TJK,2003,545.251856078225
TJK,2002,501.034883995836
TJK,2001,461.577964559218
TJK,2000,430.340980389874
TZA,2020,1028.91186523438
TZA,2019,1039.51049804688
TZA,2018,1012.49896240234
TZA,2017,990.952087402344
TZA,2016,959.852294921875
TZA,2015,929.7998046875
TZA,2014,905.484252929688
TZA,2013,875.112976074219
TZA,2012,844.567993164063
TZA,2011,832.010070800781
TZA,2010,795.046020507813
TZA,2009,767.233459472656
TZA,2008,747.271667480469
TZA,2007,726.5927734375
TZA,2006,699.862731933594
TZA,2005,675.612365722656
TZA,2004,646.256591796875
TZA,2003,617.651306152344
TZA,2002,594.598815917969
TZA,2001,569.900146484375
TZA,2000,552.067810058594
THA,2020,6049.18761058698
THA,2019,6453.89408036298
THA,2018,6336.23967742373
THA,2017,6099.1980263524
THA,2016,5878.7539395442
THA,2015,5708.79409105798
THA,2014,5561.69761642482
THA,2013,5537.7423220456
THA,2012,5425.68517377961
THA,2011,5091.95801617114
THA,2010,5082.25359332442
THA,2009,4758.93355500518
THA,2008,4826.57716083638
THA,2007,4780.30338592987
THA,2006,4568.55641976608
THA,2005,4385.28080638768
THA,2004,4241.90197295429
THA,2003,4023.81319562131
THA,2002,3786.3381111472
THA,2001,3599.09587234252
THA,2000,3511.44036062865
TLS,2020,1986.88382500015
TLS,2019,1528.64619551962
TLS,2018,1256.90389911275
TLS,2017,1284.61835444008
TLS,2016,1346.55035566335
TLS,2015,1322.9290943123
TLS,2014,1309.72139692711
TLS,2013,1278.77225519729
TLS,2012,1266.30210155551
TLS,2011,1234.40506702341
TLS,2010,1191.19999588294
TLS,2009,1112.99296662354
TLS,2008,1032.22347413301
TLS,2007,948.192045033056
TLS,2006,881.358912095988
TLS,2005,943.139153906881
TLS,2004,938.386011202884
TLS,2003,954.080186564795
TLS,2002,993.681497096074
TLS,2001,1084.92492087416
TLS,2000,947.998255613683
TGO,2020,828.666926932417
TGO,2019,832.143394343035
TGO,2018,812.458810664643
TGO,2017,794.425100263497
TGO,2016,782.896562398054
TGO,2015,770.143807374741
TGO,2014,748.734926412299
TGO,2013,726.975003874899
TGO,2012,704.776005482793
TGO,2011,680.472870540059
TGO,2010,660.328525969819
TGO,2009,640.697044109658
TGO,2008,624.760162423393
TGO,2007,617.897273383536
TGO,2006,643.690104519368
TGO,2005,644.928322291585
TGO,2004,694.289142485819
TGO,2003,719.804059644792
TGO,2002,692.288083547393
TGO,2001,684.411347261656
TGO,2000,697.444537190371
TON,2020,4637.6754528706
TON,2019,4628.44801274001
TON,2018,4587.2801410509
TON,2017,4564.73687632076
TON,2016,4405.74941154047
TON,2015,4117.93104694205
TON,2014,4050.99328726867
TON,2013,3953.66611492546
TON,2012,3926.21508373269
TON,2011,3890.21770297783
TON,2010,3649.63535627062
TON,2009,3628.62077765815
TON,2008,3835.21159925602
TON,2007,3671.38808035297
TON,2006,3676.90919927038
TON,2005,3701.7996255279
TON,2004,3719.82546735577
TON,2003,3834.56798548027
TON,2002,3769.94193213706
TON,2001,3616.31929143514
TON,2000,3506.26614689813
TTO,2020,14214.3845710527
TTO,2019,15614.9856041812
TTO,2018,15716.4205407057
TTO,2017,16090.8055599209
TTO,2016,17008.9705721692
TTO,2015,18508.770502876
TTO,2014,18776.1608797656
TTO,2013,18204.0798264097
TTO,2012,17710.3359460517
TTO,2011,16603.1039189662
TTO,2010,16766.9366446594
TTO,2009,16333.1032058127
TTO,2008,17186.2406467206
TTO,2007,16717.7784399059
TTO,2006,16051.1026704491
TTO,2005,14259.6439788295
TTO,2004,13503.9819893054
TTO,2003,12579.9333890411
TTO,2002,11054.4452863551
TTO,2001,10298.1949641059
TTO,2000,9933.31724228373
TUN,2020,3708.4566625419902
TUN,2019,4094.87794209438
TUN,2018,4070.14981945375
TUN,2017,4006.87408980971
TUN,2016,3961.35248314316
TUN,2015,3960.92484913663
TUN,2014,3967.18318997575
TUN,2013,3892.07528150261
TUN,2012,3842.55557658763
TUN,2011,3734.49128324242
TUN,2010,3860.62285789953
TUN,2009,3787.66409788783
TUN,2008,3711.62880949025
TUN,2007,3594.38175148564
TUN,2006,3399.49345764333
TUN,2005,3259.70900061394
TUN,2004,3179.30352919877
TUN,2003,3021.58200822647
TUN,2002,2914.24686308376
TUN,2001,2904.82176297174
TUN,2000,2827.37880168248
TUR,2020,12179.661169348
TUR,2019,12073.8715524618
TUR,2018,12148.2942496874
TUR,2017,11953.6664174026
TUR,2016,11264.6145749335
TUR,2015,11049.9951100942
TUR,2014,10556.1170411504
TUR,2013,10195.8475785153
TUR,2012,9519.81508910914
TUR,2011,9201.33726059829
TUR,2010,8396.92342026278
TUR,2009,7862.87076474477
TUR,2008,8376.14924620652
TUR,2007,8414.25350387565
TUR,2006,8074.33402690948
TUR,2005,7648.30340007847
TUR,2004,7112.49103699943
TUR,2003,6566.82712373944
TUR,2002,6291.66527516734
TUR,2001,5993.82821038192
TUR,2000,6454.57176147712
TKM,2020,7744.56403163178
TKM,2019,7422.36252071934
TKM,2018,7089.94180488049
TKM,2017,6784.17434899481
TKM,2016,6478.47003028692
TKM,2015,6208.2966545016
TKM,2014,5935.69715706257
TKM,2013,5481.15683394058
TKM,2012,5066.23173582571
TKM,2011,4643.31654083948
TKM,2010,4119.57179879187
TKM,2009,3835.8599588479
TKM,2008,3672.65473901885
TKM,2007,3249.87774743991
TKM,2006,2968.11316104068
TKM,2005,2711.98325001691
TKM,2004,2432.10846238412
TKM,2003,2345.87918266612
TKM,2002,2300.63918745965
TKM,2001,2326.36025746557
TKM,2000,2261.69986509521
TCA,2020,18118.1867819083
TCA,2019,25432.8534289157
TCA,2018,25077.5626030133
TCA,2017,24724.4670888898
TCA,2016,26417.9573446856
TCA,2015,25783.2941047676
TCA,2014,24190.6897861489
TCA,2013,23173.6123127498
TCA,2012,24009.411965321
TCA,2011,25240.4131944595
TCA,2010,NA
TCA,2009,NA
TCA,2008,NA
TCA,2007,NA
TCA,2006,NA
TCA,2005,NA
TCA,2004,NA
TCA,2003,NA
TCA,2002,NA
TCA,2001,NA
TCA,2000,NA
TUV,2020,3976.79623412583
TUV,2019,4197.24209189716
TUV,2018,3718.43097727405
TUV,2017,3680.08389531743
TUV,2016,3584.19006429158
TUV,2015,3384.38320147639
TUV,2014,3058.91475582496
TUV,2013,3053.59149328963
TUV,2012,2943.61362265038
TUV,2011,3050.89225158801
TUV,2010,2896.76327931357
TUV,2009,3003.01858459865
TUV,2008,3245.63005488086
TUV,2007,3079.65488506283
TUV,2006,2908.44695246951
TUV,2005,2872.99819426197
TUV,2004,3050.38175518473
TUV,2003,3161.03150566386
TUV,2002,3325.0059590225
TUV,2001,3032.08844540788
TUV,2000,3026.74029189346
UGA,2020,918.120097853684
UGA,2019,922.023174053553
UGA,2018,896.162531916137
UGA,2017,872.185876494007
UGA,2016,875.796253120254
UGA,2015,864.180059289672
UGA,2014,847.352288768404
UGA,2013,830.480369289886
UGA,2012,825.121811829417
UGA,2011,817.958450403996
UGA,2010,769.790370056701
UGA,2009,750.264404598144
UGA,2008,723.268339058884
UGA,2007,685.088077156407
UGA,2006,650.740075298082
UGA,2005,604.766007947774
UGA,2004,585.521283155682
UGA,2003,564.664570127162
UGA,2002,547.143476728683
UGA,2001,519.086327469606
UGA,2000,508.761992051971
UKR,2020,2350.40014648438
UKR,2019,2425.634765625
UKR,2018,2336.9765625
UKR,2017,2246.73876953125
UKR,2016,2185.3173828125
UKR,2015,2124.66259765625
UKR,2014,2346.2373046875
UKR,2013,2466.484375
UKR,2012,2459.75708007813
UKR,2011,2449.9580078125
UKR,2010,2315.10009765625
UKR,2009,2215.27221679688
UKR,2008,2598.83325195313
UKR,2007,2528.08129882813
UKR,2006,2322.24487304688
UKR,2005,2144.248046875
UKR,2004,2065.16650390625
UKR,2003,1833.31408691406
UKR,2002,1660.47790527344
UKR,2001,1561.41027832031
UKR,2000,1420.11669921875
ARE,2020,41276.0555134414
ARE,2019,43785.4172712311
ARE,2018,43644.1470474986
ARE,2017,43419.5637443127
ARE,2016,43457.5134835549
ARE,2015,41525.1389043587
ARE,2014,39242.2753125752
ARE,2013,38034.9683997314
ARE,2012,36567.6222922399
ARE,2011,36288.33318312
ARE,2010,34540.9715074645
ARE,2009,36076.5277343923
ARE,2008,43541.9700021647
ARE,2007,50214.1370949825
ARE,2006,58336.562719987
ARE,2005,60778.4686132763
ARE,2004,62139.5869346245
ARE,2003,59389.5103582219
ARE,2002,57286.4960660817
ARE,2001,58831.0896731186
ARE,2000,61187.7697523684
GBR,2020,42191.9173665785
GBR,2019,47240.599622327
GBR,2018,46740.5535926377
GBR,2017,46373.6385314155
GBR,2016,45482.1782886254
GBR,2015,44964.3911437292
GBR,2014,44337.6786402733
GBR,2013,43282.2097513788
GBR,2012,42805.8425172666
GBR,2011,42462.1067349807
GBR,2010,42310.749912752
GBR,2009,41709.9661677375
GBR,2008,44060.0030980603
GBR,2007,44508.6057952919
GBR,2006,43711.1550172471
GBR,2005,43007.3629245892
GBR,2004,42149.2703352153
GBR,2003,41385.5404684913
GBR,2002,40310.3049399328
GBR,2001,39768.6663463971
GBR,2000,38918.4550574708
USA,2020,59394.778327105
USA,2019,61330.6459767318
USA,2018,60127.2102775233
USA,2017,58703.1440782154
USA,2016,57658.6708825722
USA,2015,57040.2082136605
USA,2014,55817.5632471958
USA,2013,54844.2425797154
USA,2012,54080.2286497215
USA,2011,53259.2552138539
USA,2010,52821.4047643404
USA,2009,51863.6183411923
USA,2008,53703.9628961267
USA,2007,54152.8292651299
USA,2006,53596.3152372
USA,2005,52649.5713054684
USA,2004,51348.3473376223
USA,2003,49905.5233074237
USA,2002,48967.3661201159
USA,2001,48597.4246142005
USA,2000,48616.25462578
URY,2020,16294.9259266656
URY,2019,17596.8052697747
URY,2018,17441.8652430426
URY,2017,17437.8549207969
URY,2016,17181.9067620595
URY,2015,16950.7531694816
URY,2014,16943.6910598977
URY,2013,16463.0155134414
URY,2012,15780.2644395933
URY,2011,15284.0632803535
URY,2010,14572.7632283181
URY,2009,13552.2445635905
URY,2008,13031.8584355217
URY,2007,12186.595746246
URY,2006,11460.2825072987
URY,2005,11024.3880393628
URY,2004,10271.0117849545
URY,2003,9792.16333386971
URY,2002,9724.98792908131
URY,2001,10557.5045363812
URY,2000,11008.6381575408
UZB,2020,3187.04897410086
UZB,2019,3185.33455578635
UZB,2018,3062.4862228174
UZB,2017,2943.09920687321
UZB,2016,2867.05111378318
UZB,2015,2753.97105825798
UZB,2014,2613.74824872009
UZB,2013,2487.24440361664
UZB,2012,2354.59364352478
UZB,2011,2231.05271291416
UZB,2010,2131.35772022798
UZB,2009,2037.58148810229
UZB,2008,1917.84936211097
UZB,2007,1787.49020388425
UZB,2006,1656.22258507815
UZB,2005,1560.29200037443
UZB,2004,1475.96965775382
UZB,2003,1389.58720053176
UZB,2002,1348.76378817081
UZB,2001,1313.19226472722
UZB,2000,1276.76030808747
VUT,2020,2634.24388390429
VUT,2019,2838.98826949984
VUT,2018,2815.5871437955
VUT,2017,2802.77893916872
VUT,2016,2701.59225142955
VUT,2015,2643.8868859095
VUT,2014,2697.77303745142
VUT,2013,2679.17540652745
VUT,2012,2731.29269452105
VUT,2011,2768.74701835544
VUT,2010,2748.34186548121
VUT,2009,2779.44401063535
VUT,2008,2763.66110525024
VUT,2007,2681.3409760342
VUT,2006,2669.7774314084
VUT,2005,2521.35960338817
VUT,2004,2453.0574035373
VUT,2003,2417.77126701706
VUT,2002,2377.22751226249
VUT,2001,2572.37077783507
VUT,2000,2731.60667755913
VEN,2020,NA
VEN,2019,NA
VEN,2018,NA
VEN,2017,NA
VEN,2016,NA
VEN,2015,NA
VEN,2014,NA
VEN,2013,NA
VEN,2012,NA
VEN,2011,NA
VEN,2010,NA
VEN,2009,NA
VEN,2008,NA
VEN,2007,NA
VEN,2006,NA
VEN,2005,NA
VEN,2004,NA
VEN,2003,NA
VEN,2002,NA
VEN,2001,NA
VEN,2000,NA
VNM,2020,3352.06001102928
VNM,2019,3288.35288950188
VNM,2018,3090.77259500058
VNM,2017,2903.02820194861
VNM,2016,2741.05278752657
VNM,2015,2595.23484372958
VNM,2014,2451.15938864721
VNM,2013,2327.93288310222
VNM,2012,2229.32008570274
VNM,2011,2135.78216482082
VNM,2010,2028.6057131841
VNM,2009,1926.62386911103
VNM,2008,1846.86683234656
VNM,2007,1765.12265142837
VNM,2006,1663.55955699711
VNM,2005,1570.19326934801
VNM,2004,1474.74081032186
VNM,2003,1385.4487694486
VNM,2002,1309.43030711257
VNM,2001,1244.30655169833
VNM,2000,1183.85412844841
VIR,2020,35758.794755453
VIR,2019,36328.068217051
VIR,2018,35183.2357524821
VIR,2017,34435.4944455756
VIR,2016,34614.7482633247
VIR,2015,34007.3529411765
VIR,2014,34098.7109972738
VIR,2013,34663.6460602129
VIR,2012,36938.1682086351
VIR,2011,43320.176769501
VIR,2010,47162.7375570431
VIR,2009,46862.8076001874
VIR,2008,50174.7528938473
VIR,2007,49598.125907942704
VIR,2006,47671.567182812
VIR,2005,46021.5905731819
VIR,2004,44466.2872190216
VIR,2003,43036.1815136022
VIR,2002,43205.7246740388
VIR,2001,NA
VIR,2000,NA
PSE,2020,2922.46801084844
PSE,2019,3378.4346209191
PSE,2018,3417.79440837962
PSE,2017,3462.97986107136
PSE,2016,3483.09903532972
PSE,2015,3272.15432360708
PSE,2014,3227.84934482645
PSE,2013,3309.63120243098
PSE,2012,3237.91619995789
PSE,2011,3128.10811061384
PSE,2010,2927.08101953403
PSE,2009,2840.01594969395
PSE,2008,2685.98601828464
PSE,2007,2569.98434108953
PSE,2006,2540.26763083127
PSE,2005,2632.24627423958
PSE,2004,2426.41565630382
PSE,2003,2041.59223117565
PSE,2002,1836.96556482742
PSE,2001,2153.45985568006
PSE,2000,2436.00300874047
YEM,2020,NA
YEM,2019,NA
YEM,2018,1194.82057626298
YEM,2017,1215.7526115488
YEM,2016,1313.97362669017
YEM,2015,1488.4162886442
YEM,2014,2123.93507057709
YEM,2013,2188.61722995275
YEM,2012,2148.46650983493
YEM,2011,2159.84517738734
YEM,2010,2547.64038304384
YEM,2009,2435.76695677353
YEM,2008,2415.52487016413
YEM,2007,2401.27922849953
YEM,2006,2395.1342821988
YEM,2005,2391.83224079796
YEM,2004,2329.3296373268
YEM,2003,2300.76262262505
YEM,2002,2277.23130422096
YEM,2001,2250.20418780298
YEM,2000,2227.65093540984
ZMB,2020,1237.28330318262
ZMB,2019,1310.62222427718
ZMB,2018,1331.44924435525
ZMB,2017,1319.60777747699
ZMB,2016,1314.97707465878
ZMB,2015,1307.90964916032
ZMB,2014,1312.01443347626
ZMB,2013,1294.55899759417
ZMB,2012,1273.21487461326
ZMB,2011,1223.03292659306
ZMB,2010,1198.30481681425
ZMB,2009,1125.08904783298
ZMB,2008,1067.38680158541
ZMB,2007,1026.40160319917
ZMB,2006,981.345474303646
ZMB,2005,941.446954097196
ZMB,2004,907.493697320447
ZMB,2003,875.254433264127
ZMB,2002,844.092010983109
ZMB,2001,832.765719240249
ZMB,2000,814.772965457523
ZWE,2020,1213.11705725994
ZWE,2019,1342.98958637234
ZWE,2018,1462.59027890974
ZWE,2017,1421.24076910146
ZWE,2016,1393.71701048588
ZWE,2015,1410.32917348908
ZWE,2014,1412.20401160588
ZWE,2013,1422.37670995775
ZWE,2012,1408.45716699407
ZWE,2011,1239.24179333501
ZWE,2010,1096.83547804464
ZWE,2009,914.494574024655
ZWE,2008,824.791701911315
ZWE,2007,1009.82746528596
ZWE,2006,1058.32555885649
ZWE,2005,1105.75511935813
ZWE,2004,1178.89023072946
ZWE,2003,1260.39113645537
ZWE,2002,1530.00643738786
ZWE,2001,1689.75642648352
ZWE,2000,1676.51546030826
